<shortcuts>
	<shortcut>
		<defaultID />
		<label>Films - Mes favoris HK</label>
		<label2>Extensions Vidéo</label2>
		<icon>DefaultShortcut.png</icon>
		<thumb>image://special%3a%2f%2fhome%2faddons%2fplugin.video.hk1%2fresources%2fpng%2fliste.png/</thumb>
		<action>ActivateWindow(Videos,"plugin://plugin.video.hk1/?action=MenuFilm&amp;famille=Mes+favoris+HK",return)</action>
		</shortcut>
	<shortcut>
		<defaultID />
		<label>Séries - Mes favoris HK</label>
		<label2>Extensions Vidéo</label2>
		<icon>DefaultShortcut.png</icon>
		<thumb>image://special%3a%2f%2fhome%2faddons%2fplugin.video.hk1%2fresources%2fpng%2fliste.png/</thumb>
		<action>ActivateWindow(Videos,"plugin://plugin.video.hk1/?action=MenuSerie&amp;famille=Mes+favoris+HK",return)</action>
		</shortcut>
	</shortcuts>
