<shortcuts>
	<shortcut>
		<defaultID />
		<label>Films [COLOR lightcoral](Genres)[/COLOR]</label>
		<label2>Extensions Vidéo</label2>
		<icon>DefaultShortcut.png</icon>
		<thumb>special://skin/extras/icons/genre.png</thumb>
		<action>ActivateWindow(Videos,"plugin://plugin.video.vstream/?site=themoviedb_org&amp;function=showGenreMovie&amp;title=Films+&amp;siteUrl=genre%2Fmovie%2Flist&amp;sFav=showGenreMovie",return)</action>
		</shortcut>
	<shortcut>
		<defaultID />
		<label>Top [COLOR lightcoral](Par Années)[/COLOR]</label>
		<label2>Extensions Vidéo</label2>
		<icon>DefaultShortcut.png</icon>
		<thumb>special://skin/extras/icons/calendar2.png</thumb>
		<action>ActivateWindow(Videos,"plugin://plugin.video.vstream/?site=topimdb&amp;function=showMovieYears&amp;title=Top+&amp;siteUrl=True&amp;sFav=showMovieYears",return)</action>
		</shortcut>
	</shortcuts>
