<shortcuts>
	<shortcut>
		<defaultID />
		<label>Alloflix</label>
		<label2>Extensions Vidéo</label2>
		<icon>DefaultShortcut.png</icon>
		<thumb>image://special%3a%2f%2fhome%2faddons%2fplugin.video.vstream%2fresources%2fart%2fsites%2falloflix.png/</thumb>
		<action>ActivateWindow(Videos,"plugin://plugin.video.vstream/?site=alloflix&amp;function=showMenuMovies&amp;title=Alloflix&amp;siteUrl=True&amp;sFav=showMenuMovies",return)</action>
		</shortcut>
	<shortcut>
		<defaultID />
		<label>Cinemay</label>
		<label2>Extensions Vidéo</label2>
		<icon>DefaultShortcut.png</icon>
		<thumb>image://special%3a%2f%2fhome%2faddons%2fplugin.video.vstream%2fresources%2fart%2fsites%2fcinemay_com.png/</thumb>
		<action>ActivateWindow(Videos,"plugin://plugin.video.vstream/?site=cinemay_com&amp;function=load&amp;title=Cinemay&amp;siteUrl=True&amp;sFav=load",return)</action>
		</shortcut>
	<shortcut>
		<defaultID />
		<label>French-stream</label>
		<label2>Extensions Vidéo</label2>
		<icon>DefaultShortcut.png</icon>
		<thumb>image://special%3a%2f%2fhome%2faddons%2fplugin.video.vstream%2fresources%2fart%2fsites%2ffrench_stream_com.png/</thumb>
		<action>ActivateWindow(Videos,"plugin://plugin.video.vstream/?site=french_stream_com&amp;function=showMenuMovies&amp;title=French-stream&amp;siteUrl=True&amp;sFav=showMenuMovies",return)</action>
		</shortcut>
	<shortcut>
		<defaultID />
		<label>French-stream-lol</label>
		<label2>Extensions Vidéo</label2>
		<icon>DefaultShortcut.png</icon>
		<thumb>image://special%3a%2f%2fhome%2faddons%2fplugin.video.vstream%2fresources%2fart%2fsites%2ffrench_stream_lol.png/</thumb>
		<action>ActivateWindow(Videos,"plugin://plugin.video.vstream/?site=french_stream_lol&amp;function=showMenuMovies&amp;title=French-stream-lol&amp;siteUrl=True&amp;sFav=showMenuMovies",return)</action>
		</shortcut>
	<shortcut>
		<defaultID />
		<label>Kepliz</label>
		<label2>Extensions Vidéo</label2>
		<icon>DefaultShortcut.png</icon>
		<thumb>image://special%3a%2f%2fhome%2faddons%2fplugin.video.vstream%2fresources%2fart%2fsites%2fkepliz_com.png/</thumb>
		<action>ActivateWindow(Videos,"plugin://plugin.video.vstream/?site=kepliz_com&amp;function=showMovies&amp;title=Kepliz&amp;siteUrl=URL_MAINc%2Fpoblom%2F29%2F0&amp;sFav=showMovies",return)</action>
		</shortcut>
	<shortcut>
		<defaultID />
		<label>K Streaming Film</label>
		<label2>Extensions Vidéo</label2>
		<icon>DefaultShortcut.png</icon>
		<thumb>image://special%3a%2f%2fhome%2faddons%2fplugin.video.vstream%2fresources%2fart%2fsites%2fkstreamingfilm.png/</thumb>
		<action>ActivateWindow(Videos,"plugin://plugin.video.vstream/?site=kstreamingfilm&amp;function=load&amp;title=K+Streaming+Film&amp;siteUrl=True&amp;sFav=load",return)</action>
		</shortcut>
	<shortcut>
		<defaultID />
		<label>Novaflix</label>
		<label2>Extensions Vidéo</label2>
		<icon>DefaultShortcut.png</icon>
		<thumb>image://special%3a%2f%2fhome%2faddons%2fplugin.video.vstream%2fresources%2fart%2fsites%2fnovaflix.png/</thumb>
		<action>ActivateWindow(Videos,"plugin://plugin.video.vstream/?site=novaflix&amp;function=showMenuMovies&amp;title=Novaflix&amp;siteUrl=True&amp;sFav=showMenuMovies",return)</action>
		</shortcut>
	<shortcut>
		<defaultID />
		<label>[COLOR violet]PasteBin[/COLOR]</label>
		<label2>Extensions Vidéo</label2>
		<icon>DefaultShortcut.png</icon>
		<thumb>image://special%3a%2f%2fhome%2faddons%2fplugin.video.vstream%2fresources%2fart%2fsites%2fpastebin.png/</thumb>
		<action>ActivateWindow(Videos,"plugin://plugin.video.vstream/?site=pastebin&amp;function=showMenuFilms&amp;title=PasteBin&amp;siteUrl=https%3A%2F%2Fpastebin.com%2Fraw%2F%26sMedia%3Dfilm&amp;sFav=showMenuFilms",return)</action>
		</shortcut>
	<shortcut>
		<defaultID />
		<label>Wiflix</label>
		<label2>Extensions Vidéo</label2>
		<icon>DefaultShortcut.png</icon>
		<thumb>image://special%3a%2f%2fhome%2faddons%2fplugin.video.vstream%2fresources%2fart%2fsites%2fwiflix.png/</thumb>
		<action>ActivateWindow(Videos,"plugin://plugin.video.vstream/?site=wiflix&amp;function=showMovies&amp;title=Wiflix&amp;siteUrl=https%3A%2F%2Fwww.wiflix.studio%2Ffilm-en-streaming%2F&amp;sFav=showMovies",return)</action>
		</shortcut>
	</shortcuts>
