<shortcuts>
	<shortcut>
		<defaultID />
		<label>Films - Novaflix Derniers ajouts</label>
		<label2>Extensions Vidéo</label2>
		<icon>DefaultShortcut.png</icon>
		<thumb>image://special%3a%2f%2fhome%2faddons%2fplugin.video.vstream%2fresources%2fart%2fnews.png/</thumb>
		<action>ActivateWindow(Videos,"plugin://plugin.video.vstream/?site=novaflix&amp;function=showMovies&amp;title=Films+&amp;siteUrl=https%3A%2F%2Fwvw.novaflix.io%2Ffilms-streaming&amp;sFav=showMovies",return)</action>
		</shortcut>
	<shortcut>
		<defaultID />
		<label>Films - Nouveautés Kepliz</label>
		<label2>Elément personnalisé</label2>
		<icon>DefaultShortcut.png</icon>
		<thumb>image://special%3a%2f%2fhome%2faddons%2fplugin.video.sendtokodiU2P%2fresources%2fpng%2fliste.png/</thumb>
		<action>ActivateWindow(Videos,"plugin://plugin.video.vstream/?site=kepliz_com&amp;function=showMovies&amp;title=Films+&amp;siteUrl=URL_MAIN&amp;sFav=showMovies",return)</action>
		</shortcut>
	<shortcut>
		<defaultID />
		<label>Films - Nouveautés Wiflix (Attention beaucoup de versions CAM)</label>
		<label2>Extensions Vidéo</label2>
		<icon>DefaultShortcut.png</icon>
		<thumb>image://special%3a%2f%2fhome%2faddons%2fplugin.video.vstream%2fresources%2fart%2fnews.png/</thumb>
		<action>ActivateWindow(Videos,"plugin://plugin.video.vstream/?site=wiflix&amp;function=showMovies&amp;title=Films+&amp;siteUrl=https%3A%2F%2Fwww.wiflix.studio%2Ffilm-en-streaming%2F&amp;sFav=showMovies",return)</action>
		</shortcut>
	</shortcuts>
