<shortcuts>
	<shortcut>
		<defaultID />
		<label>Choix SKIN [COLOR red]KODI 20[/COLOR]</label>
		<label2>Programme</label2>
		<icon>DefaultShortcut.png</icon>
		<thumb>special://skin/extras/icons/atom.png</thumb>
		<action>ActivateWindow(Programs,"plugin://plugin.program.tortue/?action=hk2",return)</action>
		</shortcut>
	<shortcut>
		<defaultID />
		<label>Mise a jour SKIN</label>
		<label2>Elément personnalisé</label2>
		<icon>DefaultShortcut.png</icon>
		<thumb>special://skin/extras/icons/update.png</thumb>
		<action>RunScript(special://home/userdata/addon_data/Scripts/skin-vstream.py)</action>
		</shortcut>
	</shortcuts>
