<shortcuts>
	<shortcut>
		<defaultID />
		<label>Films pour enfants</label>
		<label2>Extensions Vidéo</label2>
		<icon>DefaultShortcut.png</icon>
		<thumb>special://skin/extras/icons/babygirl.png</thumb>
		<action>ActivateWindow(Videos,"plugin://plugin.video.hk1/?action=MenuFilm&amp;groupe=Films+pour+enfants",return)</action>
		</shortcut>
	<shortcut>
		<defaultID />
		<label>Dessins animés - Collections</label>
		<label2>Extensions Vidéo</label2>
		<icon>DefaultShortcut.png</icon>
		<thumb>special://skin/extras/icons/babygirl.png</thumb>
		<action>ActivateWindow(Videos,"plugin://plugin.video.hk1/?action=MenuFilm&amp;groupe=DA+Dossier",return)</action>
		</shortcut>
	<shortcut>
		<defaultID />
		<label>Disney Classique</label>
		<label2>Extensions Vidéo</label2>
		<icon>DefaultShortcut.png</icon>
		<thumb>special://skin/extras/icons/babyboy.png</thumb>
		<action>ActivateWindow(Videos,"plugin://plugin.video.hk1/?action=MenuFilm&amp;trakt=Disney+Classique",return)</action>
		</shortcut>
	<shortcut>
		<defaultID />
		<label>Listes - Enfants</label>
		<label2>Extensions Vidéo</label2>
		<icon>DefaultShortcut.png</icon>
		<thumb>special://skin/extras/icons/years.png</thumb>
		<action>ActivateWindow(Videos,"plugin://plugin.video.hk1/?action=MenuFilm&amp;trakt=Enfants",return)</action>
		</shortcut>
	<shortcut>
		<defaultID />
		<label>Dessins Animés</label>
		<label2>Extensions Vidéo</label2>
		<icon>DefaultShortcut.png</icon>
		<thumb>special://skin/extras/icons/babygirl.png</thumb>
		<action>ActivateWindow(Videos,"plugin://plugin.video.hk1/?action=MenuFilm&amp;famille=genres&amp;typgenre=%23Films+Animation&amp;offset=0&amp;limit=500",return)</action>
		</shortcut>
	<shortcut>
		<defaultID />
		<label>Collection il etait une fois</label>
		<label2>Extensions Vidéo</label2>
		<icon>DefaultShortcut.png</icon>
		<thumb>special://skin/extras/icons/babygirl.png</thumb>
		<action>ActivateWindow(Videos,"plugin://plugin.video.hk1/?action=MenuSerie&amp;groupe=Collection+il+etait+une+fois",return)</action>
		</shortcut>
	<shortcut>
		<defaultID />
		<label>Dessins animés - Années 80</label>
		<label2>Extensions Vidéo</label2>
		<icon>DefaultShortcut.png</icon>
		<thumb>special://skin/extras/icons/babyboy.png</thumb>
		<action>ActivateWindow(Videos,"plugin://plugin.video.hk1/?action=MenuSerie&amp;groupe=Anime+Annee+80",return)</action>
		</shortcut>
	<shortcut>
		<defaultID />
		<label>Dessins animés -  Pour les petits</label>
		<label2>Extensions Vidéo</label2>
		<icon>DefaultShortcut.png</icon>
		<thumb>special://skin/extras/icons/babyboy.png</thumb>
		<action>ActivateWindow(Videos,"plugin://plugin.video.hk1/?action=MenuSerie&amp;groupe=Anime+Pour+les+petits",return)</action>
		</shortcut>
	<shortcut>
		<defaultID />
		<label>Dessin animés - Disney Pixar et Cie</label>
		<label2>Extensions Vidéo</label2>
		<icon>DefaultShortcut.png</icon>
		<thumb>special://skin/extras/icons/babyboy.png</thumb>
		<action>ActivateWindow(Videos,"plugin://plugin.video.hk1/?action=MenuSerie&amp;groupe=Anime+Disney+Pixar+et+Cie",return)</action>
		</shortcut>
	</shortcuts>
