<shortcuts>
	<shortcut>
		<defaultID />
		<label>Animes récents (films)</label>
		<label2>Extensions Vidéo</label2>
		<icon>DefaultShortcut.png</icon>
		<thumb>image://special%3a%2f%2fhome%2faddons%2fplugin.video.sendtokodiU2P%2fresources%2fpng%2fgroupe.png/</thumb>
		<action>ActivateWindow(Videos,"plugin://plugin.video.sendtokodiU2P/?action=MenuFilm&amp;trakt=Animes+r%C3%A9cents",return)</action>
		</shortcut>
	<shortcut>
		<defaultID />
		<label>Animes récents (séries)</label>
		<label2>Extensions Vidéo</label2>
		<icon>DefaultShortcut.png</icon>
		<thumb>image://special%3a%2f%2fhome%2faddons%2fplugin.video.sendtokodiU2P%2fresources%2fpng%2fgroupe.png/</thumb>
		<action>ActivateWindow(Videos,"plugin://plugin.video.sendtokodiU2P/?action=MenuSerie&amp;trakt=Animes+r%C3%A9cents",return)</action>
		</shortcut>
	</shortcuts>
