<shortcuts>
	<shortcut>
		<defaultID />
		<label>Kepliz</label>
		<label2>Extensions Vidéo</label2>
		<icon>DefaultShortcut.png</icon>
		<thumb>special://skin/extras/icons/award.png</thumb>
		<action>ActivateWindow(Videos,"plugin://plugin.video.vstream/?site=kepliz_com&amp;function=load&amp;title=Kepliz&amp;siteUrl=http%3A%2F%2Fvenom&amp;sFav=load",return)</action>
		</shortcut>
	<shortcut>
		<defaultID />
		<label>Darkibox</label>
		<label2>Extensions Vidéo</label2>
		<icon>DefaultShortcut.png</icon>
		<thumb>special://skin/extras/icons/award.png</thumb>
		<action>ActivateWindow(Videos,"plugin://plugin.video.vstream/?site=pastebin&amp;function=showMenu&amp;title=Darkibox&amp;pasteID=9",return)</action>
		</shortcut>
	</shortcuts>
