<shortcuts>
	<shortcut>
		<defaultID>31907</defaultID>
		<label>Listes</label>
		<label2>Elément personnalisé</label2>
		<icon>special://skin/extras/icons/clipboard.png</icon>
		<thumb>special://skin/extras/icons/years.png</thumb>
		<action>ActivateWindow(1106,return)</action>
		</shortcut>
	<shortcut>
		<defaultID />
		<label>Japanimes</label>
		<label2>Extensions Vidéo</label2>
		<icon>DefaultShortcut.png</icon>
		<thumb>special://skin/extras/icons/mangas.png</thumb>
		<action>ActivateWindow(Videos,"plugin://plugin.video.vstream/?site=cHome&amp;function=showAnimes&amp;title=Japanimes&amp;siteUrl=http%3A%2F%2Fvenom&amp;sFav=showAnimes",return)</action>
		</shortcut>
	</shortcuts>
