<shortcuts>
	<shortcut>
		<defaultID />
		<label>Menu enfants (Films)</label>
		<label2>Extensions Vidéo</label2>
		<icon>DefaultShortcut.png</icon>
		<thumb>special://skin/extras/icons/babygirl.png</thumb>
		<action>ActivateWindow(Videos,"plugin://plugin.video.hk1/?action=MenuFilm&amp;trakt=Menu+enfants",return)</action>
		</shortcut>
	<shortcut>
		<defaultID />
		<label>Menu enfants 2 (Films)</label>
		<label2>Extensions Vidéo</label2>
		<icon>DefaultShortcut.png</icon>
		<thumb>special://skin/extras/icons/babygirl.png</thumb>
		<action>ActivateWindow(Videos,"plugin://plugin.video.hk1/?action=MenuFilm&amp;groupe=Menu+enfants",return)</action>
		</shortcut>
	<shortcut>
		<defaultID />
		<label>Séries dessins animés</label>
		<label2>Extensions Vidéo</label2>
		<icon>DefaultShortcut.png</icon>
		<thumb>special://skin/extras/icons/babyboy.png</thumb>
		<action>ActivateWindow(Videos,"plugin://plugin.video.hk1/?action=MenuSerie&amp;groupe=S%C3%A9ries+dessins+anim%C3%A9s",return)</action>
		</shortcut>
	</shortcuts>
