<shortcuts>
	<shortcut>
		<defaultID />
		<label>Les plus tendances (Kids Films)</label>
		<label2>Extensions Vidéo</label2>
		<icon>DefaultShortcut.png</icon>
		<thumb>thumb</thumb>
		<action>ActivateWindow(Videos,"plugin://plugin.video.themoviedb.helper/?list_name=Les+plus+tendances+%28Kids+Films%29&amp;list_slug=les-plus-tendances-kids-films&amp;user_slug=jukebox8786&amp;plugin_category=Les+plus+tendances+%28Kids+Films%29&amp;tmdb_id=None&amp;info=trakt_userlist&amp;sort_by=rank&amp;sort_how=asc&amp;widget=true&amp;reload=$INFO[Window(Home).Property(TMDbHelper.Widgets.Reload)]",return)</action>
		</shortcut>
	<shortcut>
		<defaultID />
		<label>Les plus populaires de la semaine (Kids Films)</label>
		<label2>Extensions Vidéo</label2>
		<icon>DefaultShortcut.png</icon>
		<thumb>thumb</thumb>
		<action>ActivateWindow(Videos,"plugin://plugin.video.themoviedb.helper/?list_name=Les+plus+populaires+de+la+semaine+%28Kids+Films%29&amp;list_slug=les-plus-populaires-de-la-semaine-kids-films&amp;user_slug=jukebox8786&amp;plugin_category=Les+plus+populaires+de+la+semaine+%28Kids+Films%29&amp;tmdb_id=None&amp;info=trakt_userlist&amp;sort_by=rank&amp;sort_how=asc&amp;widget=true&amp;reload=$INFO[Window(Home).Property(TMDbHelper.Widgets.Reload)]",return)</action>
		</shortcut>
	<shortcut>
		<defaultID />
		<label>DreamWorks Animation (Kids Films)</label>
		<label2>Extensions Vidéo</label2>
		<icon>DefaultShortcut.png</icon>
		<thumb>thumb</thumb>
		<action>ActivateWindow(Videos,"plugin://plugin.video.themoviedb.helper/?list_name=DreamWorks+Animation+%28Kids+Films%29&amp;list_slug=dreamworks-animation-kids-films&amp;user_slug=jukebox8786&amp;plugin_category=DreamWorks+Animation+%28Kids+Films%29&amp;tmdb_id=None&amp;info=trakt_userlist&amp;sort_by=rank&amp;sort_how=asc&amp;widget=true&amp;reload=$INFO[Window(Home).Property(TMDbHelper.Widgets.Reload)]",return)</action>
		</shortcut>
	<shortcut>
		<defaultID />
		<label>Les plus populaires (Kids Films)</label>
		<label2>Extensions Vidéo</label2>
		<icon>DefaultShortcut.png</icon>
		<thumb>thumb</thumb>
		<action>ActivateWindow(Videos,"plugin://plugin.video.themoviedb.helper/?list_name=Les+plus+populaires+%28Kids+Films%29&amp;list_slug=les-plus-populaires-kids-films&amp;user_slug=jukebox8786&amp;plugin_category=Les+plus+populaires+%28Kids+Films%29&amp;tmdb_id=None&amp;info=trakt_userlist&amp;sort_by=rank&amp;sort_how=asc&amp;widget=true&amp;reload=$INFO[Window(Home).Property(TMDbHelper.Widgets.Reload)]",return)</action>
		</shortcut>
	<shortcut>
		<defaultID />
		<label>A découvrir (Kids Films)</label>
		<label2>Extensions Vidéo</label2>
		<icon>DefaultShortcut.png</icon>
		<thumb>thumb</thumb>
		<action>ActivateWindow(Videos,"plugin://plugin.video.themoviedb.helper/?list_name=A+de%CC%81couvrir+%28Kids+Films%29&amp;list_slug=a-decouvrir-kids-films&amp;user_slug=jukebox8786&amp;plugin_category=A+de%CC%81couvrir+%28Kids+Films%29&amp;tmdb_id=None&amp;info=trakt_userlist&amp;sort_by=rank&amp;sort_how=asc&amp;widget=true&amp;reload=$INFO[Window(Home).Property(TMDbHelper.Widgets.Reload)]",return)</action>
		</shortcut>
	<shortcut>
		<defaultID />
		<label>En famille (Kids Films)</label>
		<label2>Extensions Vidéo</label2>
		<icon>DefaultShortcut.png</icon>
		<thumb>thumb</thumb>
		<action>ActivateWindow(Videos,"plugin://plugin.video.themoviedb.helper/?list_name=En+famille+%28Kids+Films%29&amp;list_slug=en-famille-kids-films&amp;user_slug=jukebox8786&amp;plugin_category=En+famille+%28Kids+Films%29&amp;tmdb_id=None&amp;info=trakt_userlist&amp;sort_by=rank&amp;sort_how=asc&amp;widget=true&amp;reload=$INFO[Window(Home).Property(TMDbHelper.Widgets.Reload)]",return)</action>
		</shortcut>
	</shortcuts>
