<shortcuts>
	<shortcut>
		<defaultID />
		<label>Les nouveautés (Kids Films)</label>
		<label2>Extensions Vidéo</label2>
		<icon>DefaultShortcut.png</icon>
		<thumb>thumb</thumb>
		<action>ActivateWindow(Videos,"plugin://plugin.video.themoviedb.helper/?list_name=Les+nouveaute%CC%81s+%28Kids+Films%29&amp;list_slug=les-nouveautes-kids-films&amp;user_slug=jukebox8786&amp;plugin_category=Les+nouveaute%CC%81s+%28Kids+Films%29&amp;tmdb_id=None&amp;info=trakt_userlist&amp;sort_by=rank&amp;sort_how=asc&amp;widget=true&amp;reload=$INFO[Window(Home).Property(TMDbHelper.Widgets.Reload)]",return)</action>
		</shortcut>
	<shortcut>
		<defaultID />
		<label>Les plus populaires de la semaine (Kids Séries TV)</label>
		<label2>Extensions Vidéo</label2>
		<icon>DefaultShortcut.png</icon>
		<thumb>thumb</thumb>
		<action>ActivateWindow(Videos,"plugin://plugin.video.themoviedb.helper/?list_name=Les+plus+populaires+de+la+semaine+%28Kids+Se%CC%81ries+TV%29&amp;list_slug=les-plus-populaires-de-la-semaine-kids-series-tv&amp;user_slug=jukebox8786&amp;plugin_category=Les+plus+populaires+de+la+semaine+%28Kids+Se%CC%81ries+TV%29&amp;tmdb_id=None&amp;info=trakt_userlist&amp;sort_by=added&amp;sort_how=desc&amp;widget=true&amp;reload=$INFO[Window(Home).Property(TMDbHelper.Widgets.Reload)]",return)</action>
		</shortcut>
	</shortcuts>
