<shortcuts>
	<shortcut>
		<defaultID>31803</defaultID>
		<label>$SKIN[31803|skin.auramod|None]</label>
		<label2 />
		<icon>special://skin/extras/icons/film.png</icon>
		<thumb />
		<action>ActivateWindow(3920,return)</action>
		</shortcut>
	<shortcut>
		<defaultID>31804</defaultID>
		<label>$SKIN[31804|skin.auramod|None]</label>
		<label2 />
		<icon>special://skin/extras/icons/film.png</icon>
		<thumb>special://skin/extras/icons/film.png</thumb>
		<action>ActivateWindow(3820,return)</action>
		</shortcut>
	</shortcuts>
