<shortcuts>
	<shortcut>
		<defaultID>31185</defaultID>
		<label>$SKIN[31185|skin.auramod|None]</label>
		<label2 />
		<icon>special://skin/extras/icons/recentlyadded.png</icon>
		<thumb />
		<action>special://skin/extras/playlists/RecentlyAddedMovies.xsp</action>
		</shortcut>
	<shortcut>
		<defaultID>ajouterecemment</defaultID>
		<label>Ajouté récemment</label>
		<label2 />
		<icon>special://skin/extras/icons/folder.png</icon>
		<thumb />
		<action>ActivateWindow(Videos,library://video/movies/recentlyaddedmovies.xml/,return)</action>
		</shortcut>
	</shortcuts>
