<shortcuts>
	<shortcut>
		<defaultID />
		<label>1 Serie Streaming</label>
		<label2>Extensions Vidéo</label2>
		<icon>DefaultShortcut.png</icon>
		<thumb>image://special%3a%2f%2fhome%2faddons%2fplugin.video.vstream%2fresources%2fart%2fsites%2f_1seriestreaming.png/</thumb>
		<action>ActivateWindow(Videos,"plugin://plugin.video.vstream/?site=_1seriestreaming&amp;function=load&amp;title=1+Serie+Streaming&amp;siteUrl=http%3A%2F%2F&amp;sFav=load",return)</action>
		</shortcut>
	<shortcut>
		<defaultID />
		<label>Alloflix</label>
		<label2>Extensions Vidéo</label2>
		<icon>DefaultShortcut.png</icon>
		<thumb>image://special%3a%2f%2fhome%2faddons%2fplugin.video.vstream%2fresources%2fart%2fsites%2falloflix.png/</thumb>
		<action>ActivateWindow(Videos,"plugin://plugin.video.vstream/?site=alloflix&amp;function=showMenuTvShows&amp;title=Alloflix&amp;siteUrl=True&amp;sFav=showMenuTvShows",return)</action>
		</shortcut>
	<shortcut>
		<defaultID />
		<label>Cinemay</label>
		<label2>Extensions Vidéo</label2>
		<icon>DefaultShortcut.png</icon>
		<thumb>image://special%3a%2f%2fhome%2faddons%2fplugin.video.vstream%2fresources%2fart%2fsites%2fcinemay_com.png/</thumb>
		<action>ActivateWindow(Videos,"plugin://plugin.video.vstream/?site=cinemay_com&amp;function=load&amp;title=Cinemay&amp;siteUrl=True&amp;sFav=load",return)</action>
		</shortcut>
	<shortcut>
		<defaultID />
		<label>EnStream</label>
		<label2>Extensions Vidéo</label2>
		<icon>DefaultShortcut.png</icon>
		<thumb>image://special%3a%2f%2fhome%2faddons%2fplugin.video.vstream%2fresources%2fart%2fsites%2fenstream.png/</thumb>
		<action>ActivateWindow(Videos,"plugin://plugin.video.vstream/?site=enstream&amp;function=load&amp;title=EnStream&amp;siteUrl=True&amp;sFav=load",return)</action>
		</shortcut>
	<shortcut>
		<defaultID />
		<label>French-stream</label>
		<label2>Extensions Vidéo</label2>
		<icon>DefaultShortcut.png</icon>
		<thumb>image://special%3a%2f%2fhome%2faddons%2fplugin.video.vstream%2fresources%2fart%2fsites%2ffrench_stream_com.png/</thumb>
		<action>ActivateWindow(Videos,"plugin://plugin.video.vstream/?site=french_stream_com&amp;function=showMenuTvShows&amp;title=French-stream&amp;siteUrl=True&amp;sFav=showMenuTvShows",return)</action>
		</shortcut>
	<shortcut>
		<defaultID />
		<label>French-stream-lol</label>
		<label2>Extensions Vidéo</label2>
		<icon>DefaultShortcut.png</icon>
		<thumb>image://special%3a%2f%2fhome%2faddons%2fplugin.video.vstream%2fresources%2fart%2fsites%2ffrench_stream_lol.png/</thumb>
		<action>ActivateWindow(Videos,"plugin://plugin.video.vstream/?site=french_stream_lol&amp;function=showMenuTvShows&amp;title=French-stream-lol&amp;siteUrl=True&amp;sFav=showMenuTvShows",return)</action>
		</shortcut>
	<shortcut>
		<defaultID />
		<label>Novaflix</label>
		<label2>Extensions Vidéo</label2>
		<icon>DefaultShortcut.png</icon>
		<thumb>image://special%3a%2f%2fhome%2faddons%2fplugin.video.vstream%2fresources%2fart%2fsites%2fnovaflix.png/</thumb>
		<action>ActivateWindow(Videos,"plugin://plugin.video.vstream/?site=novaflix&amp;function=showMenuTvShows&amp;title=Novaflix&amp;siteUrl=True&amp;sFav=showMenuTvShows",return)</action>
		</shortcut>
	<shortcut>
		<defaultID />
		<label>[COLOR violet]PasteBin[/COLOR]</label>
		<label2>Extensions Vidéo</label2>
		<icon>DefaultShortcut.png</icon>
		<thumb>image://special%3a%2f%2fhome%2faddons%2fplugin.video.vstream%2fresources%2fart%2fsites%2fpastebin.png/</thumb>
		<action>ActivateWindow(Videos,"plugin://plugin.video.vstream/?site=pastebin&amp;function=showMenuTvShows&amp;title=PasteBin&amp;siteUrl=https%3A%2F%2Fpastebin.com%2Fraw%2F%26sMedia%3Dserie&amp;sFav=showMenuTvShows",return)</action>
		</shortcut>
	<shortcut>
		<defaultID />
		<label>Series-en-Streaming</label>
		<label2>Extensions Vidéo</label2>
		<icon>DefaultShortcut.png</icon>
		<thumb>image://special%3a%2f%2fhome%2faddons%2fplugin.video.vstream%2fresources%2fart%2fsites%2fseries_en_streaming.png/</thumb>
		<action>ActivateWindow(Videos,"plugin://plugin.video.vstream/?site=series_en_streaming&amp;function=load&amp;title=Series-en-Streaming&amp;siteUrl=http%3A%2F%2F&amp;sFav=load",return)</action>
		</shortcut>
	<shortcut>
		<defaultID />
		<label>Wiflix</label>
		<label2>Extensions Vidéo</label2>
		<icon>DefaultShortcut.png</icon>
		<thumb>image://special%3a%2f%2fhome%2faddons%2fplugin.video.vstream%2fresources%2fart%2fsites%2fwiflix.png/</thumb>
		<action>ActivateWindow(Videos,"plugin://plugin.video.vstream/?site=wiflix&amp;function=showSeries&amp;title=Wiflix&amp;siteUrl=https%3A%2F%2Fwww.wiflix.studio%2Fserie-en-streaming%2F&amp;sFav=showSeries",return)</action>
		</shortcut>
	</shortcuts>
