<shortcuts>
	<shortcut>
		<defaultID />
		<label>Séries Streaming</label>
		<label2>Extensions Vidéo</label2>
		<icon>DefaultShortcut.png</icon>
		<thumb>image://special%3a%2f%2fhome%2faddons%2fplugin.video.vstream%2fresources%2fart%2fsites%2f_1seriestreaming.png/</thumb>
		<action>ActivateWindow(Videos,"plugin://plugin.video.vstream/?site=_1seriestreaming&amp;function=showSeries&amp;title=1+Serie+Streaming&amp;siteUrl=https%3A%2F%2F1seriestreaming.com%2Fseries-streaming&amp;sFav=showSeries",return)</action>
		</shortcut>
	<shortcut>
		<defaultID />
		<label>Séries - EnStream</label>
		<label2>Extensions Vidéo</label2>
		<icon>DefaultShortcut.png</icon>
		<thumb>image://special%3a%2f%2fhome%2faddons%2fplugin.video.vstream%2fresources%2fart%2fsites%2fenstream.png/</thumb>
		<action>ActivateWindow(Videos,"plugin://plugin.video.vstream/?site=enstream&amp;function=showSeries&amp;title=EnStream&amp;siteUrl=https%3A%2F%2Fwvw.enstream.cam%2Fseries.html&amp;sFav=showSeries",return)</action>
		</shortcut>
	<shortcut>
		<defaultID />
		<label>Séries - Wiflix</label>
		<label2>Extensions Vidéo</label2>
		<icon>DefaultShortcut.png</icon>
		<thumb>image://special%3a%2f%2fhome%2faddons%2fplugin.video.vstream%2fresources%2fart%2fsites%2fwiflix.png/</thumb>
		<action>ActivateWindow(Videos,"plugin://plugin.video.vstream/?site=wiflix&amp;function=showSeries&amp;title=Wiflix&amp;siteUrl=https%3A%2F%2Fwww.wiflix.studio%2Fserie-en-streaming%2F&amp;sFav=showSeries",return)</action>
		</shortcut>
	<shortcut>
		<defaultID />
		<label>Séries - Novaflix</label>
		<label2>Extensions Vidéo</label2>
		<icon>DefaultShortcut.png</icon>
		<thumb>image://special%3a%2f%2fhome%2faddons%2fplugin.video.vstream%2fresources%2fart%2fsites%2fnovaflix.png/</thumb>
		<action>ActivateWindow(Videos,"plugin://plugin.video.vstream/?site=novaflix&amp;function=showMovies&amp;title=Novaflix&amp;siteUrl=https%3A%2F%2Fwvw.novaflix.io%2Fseries-en-streaming%2F&amp;sFav=showMovies",return)</action>
		</shortcut>
	<shortcut>
		<defaultID />
		<label>Séries - Les plus populaires</label>
		<label2>Elément personnalisé</label2>
		<icon>DefaultShortcut.png</icon>
		<thumb>image://special%3a%2f%2fhome%2faddons%2fplugin.video.sendtokodiU2P%2fresources%2fpng%2fserie.png/</thumb>
		<action>ActivateWindow(Videos,"plugin://plugin.video.vstream/?site=_1seriestreaming&amp;function=showSeries&amp;title=1+Serie+Streaming&amp;siteUrl=https%3A%2F%2F1seriestreaming.com%2Fseries-populaires&amp;sFav=showSeries",return)</action>
		</shortcut>
	</shortcuts>
