<shortcuts>
	<shortcut>
		<defaultID />
		<label>Genres</label>
		<label2>Elément personnalisé</label2>
		<icon>DefaultShortcut.png</icon>
		<thumb>special://skin/extras/icons/genre.png</thumb>
		<action>ActivateWindow(Videos,"plugin://plugin.video.hk1/?action=genres&amp;typM=tvshow",return)</action>
		</shortcut>
	<shortcut>
		<defaultID />
		<label>Les plus populaires TMDB/trakt</label>
		<label2>Extensions Vidéo</label2>
		<icon>DefaultShortcut.png</icon>
		<thumb>special://skin/extras/icons/award.png</thumb>
		<action>ActivateWindow(Videos,"plugin://plugin.video.hk1/?action=MenuSerie&amp;famille=Les+plus+populaires+TMDB%2Ftrakt",return)</action>
		</shortcut>
	<shortcut>
		<defaultID />
		<label>Listes des contributeurs</label>
		<label2>Extensions Vidéo</label2>
		<icon>DefaultShortcut.png</icon>
		<thumb>special://skin/extras/icons/years.png</thumb>
		<action>ActivateWindow(Videos,"plugin://plugin.video.hk1/?action=MenuSerie&amp;famille=Listes+des+contributeurs",return)</action>
		</shortcut>
	</shortcuts>
