<shortcuts>
	<shortcut>
		<defaultID />
		<label>Séries - Novaflix</label>
		<label2>Extensions Vidéo</label2>
		<icon>DefaultShortcut.png</icon>
		<thumb>image://special%3a%2f%2fhome%2faddons%2fplugin.video.vstream%2fresources%2fart%2fsites%2fnovaflix.png/</thumb>
		<action>ActivateWindow(Videos,"plugin://plugin.video.vstream/?site=novaflix&amp;function=showMovies&amp;title=Novaflix&amp;siteUrl=https%3A%2F%2Fwvw.novaflix.io%2Fseries-en-streaming%2F&amp;sFav=showMovies",return)</action>
		</shortcut>
	</shortcuts>
