<shortcuts>
	<shortcut>
		<defaultID />
		<label>Séries [COLOR lightcoral](Genres)[/COLOR]</label>
		<label2>Extensions Vidéo</label2>
		<icon>DefaultShortcut.png</icon>
		<thumb>special://skin/extras/icons/genre.png</thumb>
		<action>ActivateWindow(Videos,"plugin://plugin.video.vstream/?site=themoviedb_org&amp;function=showGenreTV&amp;title=S%C3%A9ries+&amp;siteUrl=genre%2Ftv%2Flist&amp;sFav=showGenreTV",return)</action>
		</shortcut>
	<shortcut>
		<defaultID />
		<label>Fournisseurs</label>
		<label2>Extensions Vidéo</label2>
		<icon>DefaultShortcut.png</icon>
		<thumb>special://skin/extras/icons/award.png</thumb>
		<action>ActivateWindow(Videos,"plugin://plugin.video.themoviedb.helper/?info=watch_providers&amp;tmdb_type=tv&amp;widget=true&amp;reload=$INFO[Window(Home).Property(TMDbHelper.Widgets.Reload)]",return)</action>
		</shortcut>
	<shortcut>
		<defaultID />
		<label>Séries retro</label>
		<label2>Extensions Vidéo</label2>
		<icon>DefaultShortcut.png</icon>
		<thumb>special://skin/extras/icons/award.png</thumb>
		<action>ActivateWindow(Videos,"plugin://plugin.video.themoviedb.helper/?list_name=Se%CC%81ries+retro&amp;list_slug=series-retro&amp;user_slug=tortue83&amp;plugin_category=Se%CC%81ries+retro&amp;owner=true&amp;tmdb_id=None&amp;info=trakt_userlist&amp;sort_by=rank&amp;sort_how=asc&amp;widget=true&amp;reload=$INFO[Window(Home).Property(TMDbHelper.Widgets.Reload)]",return)</action>
		</shortcut>
	<shortcut>
		<defaultID />
		<label>Dernières séries fr</label>
		<label2>Elément personnalisé</label2>
		<icon>DefaultShortcut.png</icon>
		<thumb>special://skin/extras/icons/award.png</thumb>
		<action>ActivateWindow(Videos,"plugin://plugin.video.themoviedb.helper/?list_name=Latest+French+TV+shows&amp;list_slug=latest-french-tv-shows&amp;user_slug=cont90&amp;plugin_category=Latest+French+TV+shows&amp;tmdb_id=None&amp;info=trakt_userlist&amp;sort_by=added&amp;sort_how=desc&amp;widget=true&amp;reload=$INFO[Window(Home).Property(TMDbHelper.Widgets.Reload)]",return)</action>
		</shortcut>
	<shortcut>
		<defaultID />
		<label>Crime &amp; Thriller (Séries TV récentes)</label>
		<label2>Extensions Vidéo</label2>
		<icon>DefaultShortcut.png</icon>
		<thumb>special://skin/extras/icons/award.png</thumb>
		<action>ActivateWindow(Videos,"plugin://plugin.video.themoviedb.helper/?list_name=Crime+%26+Thriller+%28Se%CC%81ries+TV+re%CC%81centes%29&amp;list_slug=crime-thriller-series-tv-recentes&amp;user_slug=jukebox8786&amp;plugin_category=Crime+%26+Thriller+%28Se%CC%81ries+TV+re%CC%81centes%29&amp;tmdb_id=None&amp;info=trakt_userlist&amp;sort_by=rank&amp;sort_how=asc&amp;widget=true&amp;reload=$INFO[Window(Home).Property(TMDbHelper.Widgets.Reload)]",return)</action>
		</shortcut>
	<shortcut>
		<defaultID />
		<label>Les nouveautés (Séries TV)</label>
		<label2>Extensions Vidéo</label2>
		<icon>DefaultShortcut.png</icon>
		<thumb>special://skin/extras/icons/award.png</thumb>
		<action>ActivateWindow(Videos,"plugin://plugin.video.themoviedb.helper/?list_name=Les+nouveaute%CC%81s+%28Se%CC%81ries+TV%29&amp;list_slug=les-nouveautes-series-tv&amp;user_slug=jukebox8786&amp;plugin_category=Les+nouveaute%CC%81s+%28Se%CC%81ries+TV%29&amp;tmdb_id=None&amp;info=trakt_userlist&amp;sort_by=rank&amp;sort_how=asc&amp;widget=true&amp;reload=$INFO[Window(Home).Property(TMDbHelper.Widgets.Reload)]",return)</action>
		</shortcut>
	<shortcut>
		<defaultID />
		<label>Les plus populaires de la semaine (Séries TV)</label>
		<label2>Extensions Vidéo</label2>
		<icon>DefaultShortcut.png</icon>
		<thumb>special://skin/extras/icons/award.png</thumb>
		<action>ActivateWindow(Videos,"plugin://plugin.video.themoviedb.helper/?list_name=Les+plus+populaires+de+la+semaine+%28Se%CC%81ries+TV%29&amp;list_slug=les-plus-populaires-de-la-semaine-series-tv&amp;user_slug=jukebox8786&amp;plugin_category=Les+plus+populaires+de+la+semaine+%28Se%CC%81ries+TV%29&amp;tmdb_id=None&amp;info=trakt_userlist&amp;sort_by=rank&amp;sort_how=asc&amp;widget=true&amp;reload=$INFO[Window(Home).Property(TMDbHelper.Widgets.Reload)]",return)</action>
		</shortcut>
	<shortcut>
		<defaultID />
		<label>Drame &amp; Romance (Séries TV récentes)</label>
		<label2>Extensions Vidéo</label2>
		<icon>DefaultShortcut.png</icon>
		<thumb>special://skin/extras/icons/award.png</thumb>
		<action>ActivateWindow(Videos,"plugin://plugin.video.themoviedb.helper/?list_name=Drame+%26+Romance+%28Se%CC%81ries+TV+re%CC%81centes%29&amp;list_slug=drame-romance-series-tv-recentes&amp;user_slug=jukebox8786&amp;plugin_category=Drame+%26+Romance+%28Se%CC%81ries+TV+re%CC%81centes%29&amp;tmdb_id=None&amp;info=trakt_userlist&amp;sort_by=rank&amp;sort_how=asc&amp;widget=true&amp;reload=$INFO[Window(Home).Property(TMDbHelper.Widgets.Reload)]",return)</action>
		</shortcut>
	<shortcut>
		<defaultID />
		<label>Les 100 meilleures séries de tous les temps selon Rolling Stone Magazine</label>
		<label2>Extensions Vidéo</label2>
		<icon>DefaultShortcut.png</icon>
		<thumb>special://skin/extras/icons/award.png</thumb>
		<action>ActivateWindow(Videos,"plugin://plugin.video.themoviedb.helper/?list_name=Les+100+meilleures+se%CC%81ries+de+tous+les+temps+selon+Rolling+Stone+Magazine&amp;list_slug=les-100-meilleures-series-de-tous-les-temps-selon-rolling-stone-magazine&amp;user_slug=alkodique&amp;plugin_category=Les+100+meilleures+se%CC%81ries+de+tous+les+temps+selon+Rolling+Stone+Magazine&amp;tmdb_id=None&amp;info=trakt_userlist&amp;sort_by=rank&amp;sort_how=asc&amp;widget=true&amp;reload=$INFO[Window(Home).Property(TMDbHelper.Widgets.Reload)]",return)</action>
		</shortcut>
	<shortcut>
		<defaultID />
		<label>Mini-Séries</label>
		<label2>Extensions Vidéo</label2>
		<icon>DefaultShortcut.png</icon>
		<thumb>special://skin/extras/icons/award.png</thumb>
		<action>ActivateWindow(Videos,"plugin://plugin.video.themoviedb.helper/?list_name=Mini-Se%CC%81ries&amp;list_slug=mini-series&amp;user_slug=alkodique&amp;plugin_category=Mini-Se%CC%81ries&amp;tmdb_id=None&amp;info=trakt_userlist&amp;sort_by=rank&amp;sort_how=asc&amp;widget=true&amp;reload=$INFO[Window(Home).Property(TMDbHelper.Widgets.Reload)]",return)</action>
		</shortcut>
	<shortcut>
		<defaultID />
		<label>Documentaire (Séries TV)</label>
		<label2>Extensions Vidéo</label2>
		<icon>DefaultShortcut.png</icon>
		<thumb>special://skin/extras/icons/award.png</thumb>
		<action>ActivateWindow(Videos,"plugin://plugin.video.themoviedb.helper/?list_name=Documentaire+%28Se%CC%81ries+TV%29&amp;list_slug=documentaire-series-tv&amp;user_slug=jukebox8786&amp;plugin_category=Documentaire+%28Se%CC%81ries+TV%29&amp;tmdb_id=None&amp;info=trakt_userlist&amp;sort_by=added&amp;sort_how=desc&amp;widget=true&amp;reload=$INFO[Window(Home).Property(TMDbHelper.Widgets.Reload)]",return)</action>
		</shortcut>
	<shortcut>
		<defaultID />
		<label>Séries documentaires ''Nature et vie sauvage</label>
		<label2>Extensions Vidéo</label2>
		<icon>DefaultShortcut.png</icon>
		<thumb>special://skin/extras/icons/award.png</thumb>
		<action>ActivateWindow(Videos,"plugin://plugin.video.themoviedb.helper/?list_name=Se%CC%81ries+documentaires+%27%27Nature+et+vie+sauvage&amp;list_slug=series-documentaires-nature-et-vie-sauvage&amp;user_slug=alkodique&amp;plugin_category=Se%CC%81ries+documentaires+%27%27Nature+et+vie+sauvage&amp;tmdb_id=None&amp;info=trakt_userlist&amp;sort_by=added&amp;sort_how=desc&amp;widget=true&amp;reload=$INFO[Window(Home).Property(TMDbHelper.Widgets.Reload)]",return)</action>
		</shortcut>
	</shortcuts>
