<?xml version="1.0" encoding="UTF-8" standalone="yes"?>
<addon id="plugin.program.tortue" version="1.0" name="Skin Tortue" provider-name="Tortue">
	<requires>
        <import addon="script.module.requests" />
	</requires>
    <extension point="xbmc.python.pluginsource" library="default.py">
        <provides>executable</provides>
    </extension>
    <extension point="xbmc.addon.metadata">
        <summary lang="en">Skin Tortue</summary>
        <description lang="en">Packages de Skin réalisé par Tortue sur la monture du skin "Aura Mod".</description>
        <disclaimer lang="en"></disclaimer>
        <language>en</language>
        <platform>all</platform>
        <forum></forum>
        <website></website>
        <source></source>
    <news>
VERSION 1.0 - 25/02/2023
- Création initiale
    </news>		
        <assets>
            <icon>icon.png</icon>
            <fanart>fanart.jpg</fanart>
        </assets>		
    </extension>
</addon>
