<shortcuts>
	<shortcut>
		<defaultID />
		<label>Mon Trakt</label>
		<label2>Extensions Vidéo</label2>
		<icon>DefaultShortcut.png</icon>
		<thumb>special://skin/extras/icons/favourite.png</thumb>
		<action>ActivateWindow(Videos,"plugin://plugin.video.sendtokodiU2P/?action=affTraktPerso",return)</action>
		</shortcut>
	<shortcut>
		<defaultID />
		<label>Il est frais mon poisson ....</label>
		<label2>Extensions Vidéo</label2>
		<icon>DefaultShortcut.png</icon>
		<thumb>special://skin/extras/icons/atom.png</thumb>
		<action>ActivateWindow(Videos,"plugin://plugin.video.sendtokodiU2P/?action=affNewsUpto&amp;offset=0",return)</action>
		</shortcut>
	<shortcut>
		<defaultID />
		<label>Reload Skin</label>
		<label2>Elément personnalisé</label2>
		<icon>DefaultShortcut.png</icon>
		<thumb>special://skin/extras/icons/infinity.png</thumb>
		<action>RunPlugin(plugin://plugin.video.sendtokodiU2P/?action=rlk)</action>
		</shortcut>
	<shortcut>
		<defaultID />
		<label>Choix Profil</label>
		<label2>Elément personnalisé</label2>
		<icon>DefaultShortcut.png</icon>
		<thumb>special://skin/extras/icons/artist.png</thumb>
		<action>RunPlugin(plugin://plugin.video.sendtokodiU2P/?action=actifPm)</action>
		</shortcut>
	</shortcuts>
