{
    "name": "HK2",
    "plugin": "plugin.video.themoviedb.helper",
    "priority": 10000,
    "assert": {
        "play_movie": [
            "title",
            "year"
        ],
        "play_episode": [
            "showname",
            "season",
            "episode"
        ],
        "search_movie": [
            "title"
        ],
        "search_episode": [
            "showname"
        ]
    },
    "play_movie": [
        "plugin://plugin.video.sendtokodiU2P/?action=mediasHKFilms&famille=Search&offset=0&limit=500",
        {
            "keyboard": "{title}"
        },
        {
            "label": "(?i)^(\\[.*\\])?.*{title}.*(\\[.*\\])?$",
            "dialog": "true"
        },
        {
            "dialog": "true"
        }
    ],
    "play_episode": [
        "plugin://plugin.video.sendtokodiU2P/?action=mediasHKSeries&famille=Search&offset=0&limit=500",
        {
            "keyboard": "{showname}"
        },
        {
            "label": "(?i)^(\\[.*\\])?{showname}(\\[.*\\])?$"
        },
        {
            "return": "true",
            "season": "^{season}$",
            "episode": "^{episode}$"
        },
        {
            "season": "^{season}$"
        },
        {
            "return": "true",
            "season": "^{season}$",
            "episode": "^{episode}$"
        },
        {
            "dialog": "true"
        }
    ],
    "search_movie": [
        "plugin://plugin.video.sendtokodiU2P/?action=mediasHKFilms&famille=Search&offset=0&limit=500",
        {
            "keyboard": "{title}"
        }
    ],
    "search_episode": [
        "plugin://plugin.video.sendtokodiU2P/?action=mediasHKSeries&famille=Search&offset=0&limit=500",
        {
            "keyboard": "{showname}"
        }
    ],
    "disabled": "true"
}