<sources>
    <programs>
        <default pathversion="1"></default>
    </programs>
    <video>
        <default pathversion="1"></default>
    </video>
    <music>
        <default pathversion="1"></default>
    </music>
    <pictures>
        <default pathversion="1"></default>
    </pictures>
    <files>
        <default pathversion="1"></default>
        <source>
            <name>D:</name>
            <path pathversion="1">D:\</path>
            <allowsharing>true</allowsharing>
        </source>
        <source>
            <name>repo test</name>
            <path pathversion="1">https://upkobox.github.io/upkoboxtest/</path>
            <allowsharing>true</allowsharing>
        </source>
        <source>
            <name>repository.Skodi</name>
            <path pathversion="1">https://upkobox.github.io/repository.Skodi/</path>
            <allowsharing>true</allowsharing>
        </source>
        <source>
            <name>repo officiel</name>
            <path pathversion="1">https://upkobox.github.io/</path>
            <allowsharing>true</allowsharing>
        </source>
        <source>
            <name>pfr2</name>
            <path pathversion="1">https://prf2.github.io/repo/</path>
            <allowsharing>true</allowsharing>
        </source>
        <source>
            <name>popopo</name>
            <path pathversion="1">https://popopo83.github.io/repo/</path>
            <allowsharing>true</allowsharing>
        </source>
    </files>
    <games>
        <default pathversion="1"></default>
    </games>
</sources>
