<shortcuts>
	<shortcut>
		<defaultID />
		<label>[B]Recherche [COLOR forestgreen](Films\vStream)[/COLOR][/B]</label>
		<label2>Elément personnalisé</label2>
		<icon>DefaultShortcut.png</icon>
		<thumb>image://special%3a%2f%2fhome%2faddons%2fplugin.video.vstream%2fresources%2fart%2fsearch.png/</thumb>
		<action>ActivateWindow(Videos,"plugin://plugin.video.vstream/?site=pastebin&amp;function=showSearch&amp;title=Recherche+&amp;siteUrl=https%3A%2F%2Fpastebin.com%2Fraw%2F%26pasteID%3D7%26sMedia%3Dfilm%26sSearch%3D&amp;sFav=showSearch")</action>
		</shortcut>
	<shortcut>
		<defaultID />
		<label>[B][COLOR green]Films[/B][/COLOR]</label>
		<label2>Extensions Vidéo</label2>
		<icon>DefaultShortcut.png</icon>
		<thumb>image://special%3a%2f%2fhome%2faddons%2fplugin.video.vstream%2fresources%2fart%2ffilms.png/</thumb>
		<action>ActivateWindow(Videos,"plugin://plugin.video.vstream/?site=pastebin&amp;function=showMenu&amp;title=Films&amp;pasteID=7&amp;sMedia=film&amp;sFav=showMenu",return)</action>
		</shortcut>
	<shortcut>
		<defaultID />
		<label>[B]Recherche [COLOR green](Séries/vStream)[/COLOR][/B]</label>
		<label2>Elément personnalisé</label2>
		<icon>DefaultShortcut.png</icon>
		<thumb>image://special%3a%2f%2fhome%2faddons%2fplugin.video.vstream%2fresources%2fart%2fsearch.png/</thumb>
		<action>ActivateWindow(Videos,"plugin://plugin.video.vstream/?site=pastebin&amp;function=showSearch&amp;title=Recherche+&amp;siteUrl=https%3A%2F%2Fpastebin.com%2Fraw%2F%26pasteID%3D7%26sMedia%3Dserie%26sSearch%3D&amp;sFav=showSearch")</action>
		</shortcut>
	<shortcut>
		<defaultID />
		<label>[COLOR green][B]Séries[/B][/COLOR]</label>
		<label2>Extensions Vidéo</label2>
		<icon>DefaultShortcut.png</icon>
		<thumb>image://special%3a%2f%2fhome%2faddons%2fplugin.video.vstream%2fresources%2fart%2ftv.png/</thumb>
		<action>ActivateWindow(Videos,"plugin://plugin.video.vstream/?site=pastebin&amp;function=showMenu&amp;title=S%C3%A9ries&amp;pasteID=7&amp;sMedia=serie&amp;sFav=showMenu",return)</action>
		</shortcut>
	</shortcuts>
