<shortcuts>
	<shortcut>
		<defaultID />
		<label>Vavoo TV</label>
		<label2>Extensions Vidéo</label2>
		<icon>DefaultShortcut.png</icon>
		<thumb>special://skin/extras/icons/lazytv.png</thumb>
		<action>ActivateWindow(Videos,"plugin://plugin.video.vavooto/?action=channels",return)</action>
		</shortcut>
	<shortcut>
		<defaultID />
		<label>Changer compte IPTV (Myf-TV) si HS</label>
		<label2>Extensions Vidéo</label2>
		<icon>DefaultShortcut.png</icon>
		<thumb>special://skin/extras/icons/download_repo.png</thumb>
		<action>ActivateWindow(Videos,"plugin://plugin.video.sendtokodiU2P/?action=IPTVbank",return)</action>
		</shortcut>
	<shortcut>
		<defaultID />
		<label>Bouquet perso (Myf-TV)</label>
		<label2>Extensions Vidéo</label2>
		<icon>DefaultShortcut.png</icon>
		<thumb>special://skin/extras/icons/top100.png</thumb>
		<action>ActivateWindow(Videos,"plugin://plugin.video.sendtokodiU2P/?action=IPTVfav",return)</action>
		</shortcut>
	<shortcut>
		<defaultID />
		<label>Chaines généralistes HD (Myf-TV)</label>
		<label2>Extensions Vidéo</label2>
		<icon>DefaultShortcut.png</icon>
		<thumb>special://skin/extras/icons/lazytv.png</thumb>
		<action>ActivateWindow(Videos,"plugin://plugin.video.sendtokodiU2P/?action=affChaine&amp;numId=30&amp;fourn=http%3A%2F%2Fmyf-tv.com%3A8080%2F&amp;typM=itv",return)</action>
		</shortcut>
	<shortcut>
		<defaultID />
		<label>Chaines cinéma HD (Myf-TV)</label>
		<label2>Extensions Vidéo</label2>
		<icon>DefaultShortcut.png</icon>
		<thumb>special://skin/extras/icons/movie.png</thumb>
		<action>ActivateWindow(Videos,"plugin://plugin.video.sendtokodiU2P/?action=affChaine&amp;numId=31&amp;fourn=http%3A%2F%2Fmyf-tv.com%3A8080%2F&amp;typM=itv",return)</action>
		</shortcut>
	<shortcut>
		<defaultID />
		<label>Chaines sports HD (Myf-TV)</label>
		<label2>Extensions Vidéo</label2>
		<icon>DefaultShortcut.png</icon>
		<thumb>special://skin/extras/icons/baseball.png</thumb>
		<action>ActivateWindow(Videos,"plugin://plugin.video.sendtokodiU2P/?action=affChaine&amp;numId=34&amp;fourn=http%3A%2F%2Fmyf-tv.com%3A8080%2F&amp;typM=itv",return)</action>
		</shortcut>
	<shortcut>
		<defaultID />
		<label>Amazon prime (Myf-TV)</label>
		<label2>Extensions Vidéo</label2>
		<icon>DefaultShortcut.png</icon>
		<thumb>special://skin/extras/icons/basketball.png</thumb>
		<action>ActivateWindow(Videos,"plugin://plugin.video.sendtokodiU2P/?action=affChaine&amp;numId=274&amp;fourn=http%3A%2F%2Fmyf-tv.com%3A8080%2F&amp;typM=itv",return)</action>
		</shortcut>
	<shortcut>
		<defaultID />
		<label>Chaines musiques (Myf-TV)</label>
		<label2>Extensions Vidéo</label2>
		<icon>DefaultShortcut.png</icon>
		<thumb>special://skin/extras/icons/audiogenre.png</thumb>
		<action>ActivateWindow(Videos,"plugin://plugin.video.sendtokodiU2P/?action=affChaine&amp;numId=6&amp;fourn=http%3A%2F%2Fmyf-tv.com%3A8080%2F&amp;typM=itv",return)</action>
		</shortcut>
	<shortcut>
		<defaultID />
		<label>Tous les bouquets (Myf-TV)</label>
		<label2>Extensions Vidéo</label2>
		<icon>DefaultShortcut.png</icon>
		<thumb>special://skin/extras/icons/playlist.png</thumb>
		<action>ActivateWindow(Videos,"plugin://plugin.video.sendtokodiU2P/?action=loadF&amp;fourn=http%3A%2F%2Fmyf-tv.com%3A8080%2F",return)</action>
		</shortcut>
	<shortcut>
		<defaultID />
		<label>Compte Fox unlimited</label>
		<label2>Extensions Vidéo</label2>
		<icon>DefaultShortcut.png</icon>
		<thumb>special://skin/extras/icons/bookmark-star.png</thumb>
		<action>ActivateWindow(Videos,"plugin://plugin.video.sendtokodiU2P/?action=loadF&amp;fourn=http%3A%2F%2Fmol-2.com%3A8080%2F",return)</action>
		</shortcut>
	<shortcut>
		<defaultID />
		<label>Compte Myf-tv</label>
		<label2>Extensions Vidéo</label2>
		<icon>DefaultShortcut.png</icon>
		<thumb>special://skin/extras/icons/bookmark-star.png</thumb>
		<action>ActivateWindow(Videos,"plugin://plugin.video.sendtokodiU2P/?action=loadF&amp;fourn=http%3A%2F%2Fmyf-tv.com%3A8080%2F",return)</action>
		</shortcut>
	<shortcut>
		<defaultID />
		<label>Compte unlimited</label>
		<label2>Extensions Vidéo</label2>
		<icon>DefaultShortcut.png</icon>
		<thumb>special://skin/extras/icons/bookmark-star.png</thumb>
		<action>ActivateWindow(Videos,"plugin://plugin.video.sendtokodiU2P/?action=loadF&amp;fourn=http%3A%2F%2Ffoxx-tv.com%3A9600%2F",return)</action>
		</shortcut>
	<shortcut>
		<defaultID />
		<label>IPTV</label>
		<label2>Extensions Vidéo</label2>
		<icon>DefaultShortcut.png</icon>
		<thumb>special://skin/extras/icons/award.png</thumb>
		<action>ActivateWindow(Videos,"plugin://plugin.video.sendtokodiU2P/?action=iptvLoad",return)</action>
		</shortcut>
	</shortcuts>
