<shortcuts>
	<shortcut>
		<defaultID>31908</defaultID>
		<label>Listes</label>
		<label2>Elément personnalisé</label2>
		<icon>special://skin/extras/icons/clipboard.png</icon>
		<thumb>special://skin/extras/icons/years.png</thumb>
		<action>ActivateWindow(1107,return)</action>
		</shortcut>
	<shortcut>
		<defaultID />
		<label>Series Blocker </label>
		<label2>Extensions Vidéo</label2>
		<icon>DefaultShortcut.png</icon>
		<thumb>special://skin/extras/icons/award.png</thumb>
		<action>ActivateWindow(Videos,"plugin://plugin.video.sendtokodiU2P/?action=getVod&amp;fourn=https%3A%2F%2Fblocker.embyshare.ovh&amp;typM=series",return)</action>
		</shortcut>
	<shortcut>
		<defaultID />
		<label>Sources [COLOR lightcoral](Séries)[/COLOR]</label>
		<label2>Extensions Vidéo</label2>
		<icon>DefaultShortcut.png</icon>
		<thumb>special://skin/extras/icons/years.png</thumb>
		<action>ActivateWindow(Videos,"plugin://plugin.video.vstream/?site=cHome&amp;function=callpluging&amp;title=Sources+&amp;siteUrl=SERIE_SERIES&amp;sFav=callpluging",return)</action>
		</shortcut>
	<shortcut>
		<defaultID />
		<label>Novaflix</label>
		<label2>Extensions Vidéo</label2>
		<icon>DefaultShortcut.png</icon>
		<thumb>special://skin/extras/icons/award.png</thumb>
		<action>ActivateWindow(Videos,"plugin://plugin.video.vstream/?site=novaflix&amp;function=showMenuTvShows&amp;title=S%C3%A9ries&amp;siteUrl=http%3A%2F%2Fvenom%2F&amp;sFav=showMenuTvShows",return)</action>
		</shortcut>
	<shortcut>
		<defaultID />
		<label>EnStream</label>
		<label2>Extensions Vidéo</label2>
		<icon>DefaultShortcut.png</icon>
		<thumb>special://skin/extras/icons/award.png</thumb>
		<action>ActivateWindow(Videos,"plugin://plugin.video.vstream/?site=enstream&amp;function=load&amp;title=EnStream&amp;siteUrl=http%3A%2F%2Fvenom&amp;sFav=load",return)</action>
		</shortcut>
	<shortcut>
		<defaultID />
		<label>Séries Darkibox</label>
		<label2>Extensions Vidéo</label2>
		<icon>DefaultShortcut.png</icon>
		<thumb>special://skin/extras/icons/award.png</thumb>
		<action>ActivateWindow(Videos,"plugin://plugin.video.vstream/?site=pastebin&amp;function=showMenu&amp;title=S%C3%A9ries+Darkibox&amp;pasteID=11",return)</action>
		</shortcut>
	<shortcut>
		<defaultID />
		<label>series 1 fichier</label>
		<label2>Extensions Vidéo</label2>
		<icon>DefaultShortcut.png</icon>
		<thumb>special://skin/extras/icons/award.png</thumb>
		<action>ActivateWindow(Videos,"plugin://plugin.video.vstream/?site=pastebin&amp;function=showMenu&amp;title=series+1+fichier&amp;pasteID=10",return)</action>
		</shortcut>
	</shortcuts>
