<shortcuts>
	<shortcut>
		<defaultID />
		<label>Séries [COLOR lightcoral](Derniers ajouts)[/COLOR]</label>
		<label2>Extensions Vidéo</label2>
		<icon>DefaultShortcut.png</icon>
		<thumb>image://special%3a%2f%2fhome%2faddons%2fplugin.video.vstream%2fresources%2fart%2fnews.png/</thumb>
		<action>ActivateWindow(Videos,"plugin://plugin.video.vstream/?site=novaflix&amp;function=showMovies&amp;title=S%C3%A9ries+&amp;siteUrl=https%3A%2F%2Fwvw.novaflix.io%2Fseries-en-streaming%2F&amp;sFav=showMovies",return)</action>
		</shortcut>
	<shortcut>
		<defaultID />
		<label>Les nouveautés (Séries TV)</label>
		<label2>Extensions Vidéo</label2>
		<icon>DefaultShortcut.png</icon>
		<thumb>thumb</thumb>
		<action>ActivateWindow(Videos,"plugin://plugin.video.themoviedb.helper/?list_name=Les+nouveaute%CC%81s+%28Se%CC%81ries+TV%29&amp;list_slug=les-nouveautes-series-tv&amp;user_slug=jukebox8786&amp;plugin_category=Les+nouveaute%CC%81s+%28Se%CC%81ries+TV%29&amp;tmdb_id=None&amp;info=trakt_userlist&amp;sort_by=rank&amp;sort_how=asc&amp;widget=true&amp;reload=$INFO[Window(Home).Property(TMDbHelper.Widgets.Reload)]",return)</action>
		</shortcut>
	<shortcut>
		<defaultID />
		<label>Les plus populaires de la semaine (Séries TV)</label>
		<label2>Extensions Vidéo</label2>
		<icon>DefaultShortcut.png</icon>
		<thumb>thumb</thumb>
		<action>ActivateWindow(Videos,"plugin://plugin.video.themoviedb.helper/?list_name=Les+plus+populaires+de+la+semaine+%28Se%CC%81ries+TV%29&amp;list_slug=les-plus-populaires-de-la-semaine-series-tv&amp;user_slug=jukebox8786&amp;plugin_category=Les+plus+populaires+de+la+semaine+%28Se%CC%81ries+TV%29&amp;tmdb_id=None&amp;info=trakt_userlist&amp;sort_by=rank&amp;sort_how=asc&amp;widget=true&amp;reload=$INFO[Window(Home).Property(TMDbHelper.Widgets.Reload)]",return)</action>
		</shortcut>
	<shortcut>
		<defaultID />
		<label>Les plus tendances (Séries TV)</label>
		<label2>Extensions Vidéo</label2>
		<icon>DefaultShortcut.png</icon>
		<thumb>thumb</thumb>
		<action>ActivateWindow(Videos,"plugin://plugin.video.themoviedb.helper/?list_name=Les+plus+tendances+%28Se%CC%81ries+TV%29&amp;list_slug=les-plus-tendances-series-tv&amp;user_slug=jukebox8786&amp;plugin_category=Les+plus+tendances+%28Se%CC%81ries+TV%29&amp;tmdb_id=None&amp;info=trakt_userlist&amp;sort_by=added&amp;sort_how=desc&amp;widget=true&amp;reload=$INFO[Window(Home).Property(TMDbHelper.Widgets.Reload)]",return)</action>
		</shortcut>
	<shortcut>
		<defaultID />
		<label>Nouveautés séries Fr (mdblist)</label>
		<label2>Extensions Vidéo</label2>
		<icon>DefaultShortcut.png</icon>
		<thumb>thumb</thumb>
		<action>ActivateWindow(Videos,"plugin://plugin.video.themoviedb.helper/?list_name=Nouveaute%CC%81s+se%CC%81ries+fr+%28mdblist%29&amp;list_slug=nouveautes-series-fr-mdblist&amp;user_slug=emi19642&amp;plugin_category=Nouveaute%CC%81s+se%CC%81ries+fr+%28mdblist%29&amp;tmdb_id=None&amp;info=trakt_userlist&amp;sort_by=added&amp;sort_how=desc&amp;widget=true&amp;reload=$INFO[Window(Home).Property(TMDbHelper.Widgets.Reload)]",return)</action>
		</shortcut>
	</shortcuts>
