<shortcuts>
	<shortcut>
		<defaultID />
		<label>Doc animalier</label>
		<label2>Extensions Vidéo</label2>
		<icon>DefaultShortcut.png</icon>
		<thumb>image://special%3a%2f%2fhome%2faddons%2fplugin.video.sendtokodiU2P%2fresources%2fpng%2fliste.png/</thumb>
		<action>ActivateWindow(Videos,"plugin://plugin.video.sendtokodiU2P/?action=mediasHKFilms&amp;famille=groupes&amp;offset=0&amp;nom=doc+animalier",return)</action>
		</shortcut>
	<shortcut>
		<defaultID />
		<label>Doc films news</label>
		<label2>Extensions Vidéo</label2>
		<icon>DefaultShortcut.png</icon>
		<thumb>image://special%3a%2f%2fhome%2faddons%2fplugin.video.sendtokodiU2P%2fresources%2fpng%2fliste.png/</thumb>
		<action>ActivateWindow(Videos,"plugin://plugin.video.sendtokodiU2P/?action=mediasHKFilms&amp;famille=groupes&amp;offset=0&amp;nom=doc+films+news",return)</action>
		</shortcut>
	<shortcut>
		<defaultID />
		<label>Docu animaliers, terres et natures</label>
		<label2>Extensions Vidéo</label2>
		<icon>DefaultShortcut.png</icon>
		<thumb>image://special%3a%2f%2fhome%2faddons%2fplugin.video.sendtokodiU2P%2fresources%2fpng%2fliste.png/</thumb>
		<action>ActivateWindow(Videos,"plugin://plugin.video.sendtokodiU2P/?action=mediasHKFilms&amp;famille=groupes&amp;offset=0&amp;nom=docu+animaliers%2C+terres+et+natures",return)</action>
		</shortcut>
	<shortcut>
		<defaultID />
		<label>Docu arts</label>
		<label2>Extensions Vidéo</label2>
		<icon>DefaultShortcut.png</icon>
		<thumb>image://special%3a%2f%2fhome%2faddons%2fplugin.video.sendtokodiU2P%2fresources%2fpng%2fliste.png/</thumb>
		<action>ActivateWindow(Videos,"plugin://plugin.video.sendtokodiU2P/?action=mediasHKFilms&amp;famille=groupes&amp;offset=0&amp;nom=docu+arts",return)</action>
		</shortcut>
	<shortcut>
		<defaultID />
		<label>Docu bien-etre, sciences et vies</label>
		<label2>Extensions Vidéo</label2>
		<icon>DefaultShortcut.png</icon>
		<thumb>image://special%3a%2f%2fhome%2faddons%2fplugin.video.sendtokodiU2P%2fresources%2fpng%2fliste.png/</thumb>
		<action>ActivateWindow(Videos,"plugin://plugin.video.sendtokodiU2P/?action=mediasHKFilms&amp;famille=groupes&amp;offset=0&amp;nom=docu+bien-etre%2C+sciences+et+vies",return)</action>
		</shortcut>
	<shortcut>
		<defaultID />
		<label>Series Docus</label>
		<label2>Extensions Vidéo</label2>
		<icon>DefaultShortcut.png</icon>
		<thumb>image://special%3a%2f%2fhome%2faddons%2fplugin.video.sendtokodiU2P%2fresources%2fpng%2fgroupe.png/</thumb>
		<action>ActivateWindow(Videos,"plugin://plugin.video.sendtokodiU2P/?action=MenuSerie&amp;groupe=Series+Docus",return)</action>
		</shortcut>
	<shortcut>
		<defaultID />
		<label>Disney Nature</label>
		<label2>Elément personnalisé</label2>
		<icon>DefaultShortcut.png</icon>
		<thumb>special://skin/extras/icons/cinemavision.png</thumb>
		<action>ActivateWindow(Videos,"plugin://plugin.video.sendtokodiU2P/?action=MenuFilm&amp;trakt=Docu+-+%27%27Nature+et+Vie+Sauvage%27%27",return)</action>
		</shortcut>
	<shortcut>
		<defaultID />
		<label>Docu crimes, policiers et enquetes</label>
		<label2>Extensions Vidéo</label2>
		<icon>DefaultShortcut.png</icon>
		<thumb>image://special%3a%2f%2fhome%2faddons%2fplugin.video.sendtokodiU2P%2fresources%2fpng%2fliste.png/</thumb>
		<action>ActivateWindow(Videos,"plugin://plugin.video.sendtokodiU2P/?action=mediasHKFilms&amp;famille=groupes&amp;offset=0&amp;nom=docu+crimes%2C+policiers+et+enquetes",return)</action>
		</shortcut>
	<shortcut>
		<defaultID />
		<label>Docu cuisines</label>
		<label2>Extensions Vidéo</label2>
		<icon>DefaultShortcut.png</icon>
		<thumb>image://special%3a%2f%2fhome%2faddons%2fplugin.video.sendtokodiU2P%2fresources%2fpng%2fliste.png/</thumb>
		<action>ActivateWindow(Videos,"plugin://plugin.video.sendtokodiU2P/?action=mediasHKFilms&amp;famille=groupes&amp;offset=0&amp;nom=docu+cuisines",return)</action>
		</shortcut>
	<shortcut>
		<defaultID />
		<label>Docu sportifs</label>
		<label2>Extensions Vidéo</label2>
		<icon>DefaultShortcut.png</icon>
		<thumb>image://special%3a%2f%2fhome%2faddons%2fplugin.video.sendtokodiU2P%2fresources%2fpng%2fliste.png/</thumb>
		<action>ActivateWindow(Videos,"plugin://plugin.video.sendtokodiU2P/?action=mediasHKFilms&amp;famille=groupes&amp;offset=0&amp;nom=docu+sportifs",return)</action>
		</shortcut>
	<shortcut>
		<defaultID />
		<label>discovery+</label>
		<label2>Extensions Vidéo</label2>
		<icon>DefaultShortcut.png</icon>
		<thumb>image://http%3a%2f%2fimage.tmdb.org%2ft%2fp%2fw500%2f1D1bS3Dyw4ScYnFWTlBOvJXC3nb.png/</thumb>
		<action>ActivateWindow(Videos,"plugin://plugin.video.sendtokodiU2P/?action=MenuSerie&amp;network=1&amp;namenetwork=discovery%2B",return)</action>
		</shortcut>
	<shortcut>
		<defaultID />
		<label>Animal Planet</label>
		<label2>Extensions Vidéo</label2>
		<icon>DefaultShortcut.png</icon>
		<thumb>image://http%3a%2f%2fimage.tmdb.org%2ft%2fp%2fw500%2fm3KrDu1g96YByhH0wp4OvyghgsG.png/</thumb>
		<action>ActivateWindow(Videos,"plugin://plugin.video.sendtokodiU2P/?action=MenuSerie&amp;network=1&amp;namenetwork=Animal+Planet",return)</action>
		</shortcut>
	<shortcut>
		<defaultID />
		<label>BrutX</label>
		<label2>Extensions Vidéo</label2>
		<icon>DefaultShortcut.png</icon>
		<thumb>image://http%3a%2f%2fimage.tmdb.org%2ft%2fp%2fw500%2fAOD0Bu9BKuiTA6cf28YIZPWG4D.png/</thumb>
		<action>ActivateWindow(Videos,"plugin://plugin.video.sendtokodiU2P/?action=MenuSerie&amp;network=1&amp;namenetwork=BrutX",return)</action>
		</shortcut>
	<shortcut>
		<defaultID />
		<label>Historia</label>
		<label2>Extensions Vidéo</label2>
		<icon>DefaultShortcut.png</icon>
		<thumb>image://http%3a%2f%2fimage.tmdb.org%2ft%2fp%2fw500%2fiGSOVzEREhbziFFcww4D9nLzKwy.png/</thumb>
		<action>ActivateWindow(Videos,"plugin://plugin.video.sendtokodiU2P/?action=MenuSerie&amp;network=1&amp;namenetwork=Historia",return)</action>
		</shortcut>
	<shortcut>
		<defaultID />
		<label>Nat Geo Wild</label>
		<label2>Extensions Vidéo</label2>
		<icon>DefaultShortcut.png</icon>
		<thumb>image://http%3a%2f%2fimage.tmdb.org%2ft%2fp%2fw500%2fesXeePrsUGpF6mGQXs3jImz9QoN.png/</thumb>
		<action>ActivateWindow(Videos,"plugin://plugin.video.sendtokodiU2P/?action=MenuSerie&amp;network=1&amp;namenetwork=Nat+Geo+Wild",return)</action>
		</shortcut>
	<shortcut>
		<defaultID />
		<label>National Geographic</label>
		<label2>Extensions Vidéo</label2>
		<icon>DefaultShortcut.png</icon>
		<thumb>image://http%3a%2f%2fimage.tmdb.org%2ft%2fp%2fw500%2fq9rPBG1rHbUjII1Qn98VG2v7cFa.png/</thumb>
		<action>ActivateWindow(Videos,"plugin://plugin.video.sendtokodiU2P/?action=MenuSerie&amp;network=1&amp;namenetwork=National+Geographic",return)</action>
		</shortcut>
	<shortcut>
		<defaultID />
		<label>National Geographic Channel</label>
		<label2>Extensions Vidéo</label2>
		<icon>DefaultShortcut.png</icon>
		<thumb>image://http%3a%2f%2fimage.tmdb.org%2ft%2fp%2fw500%2fq9rPBG1rHbUjII1Qn98VG2v7cFa.png/</thumb>
		<action>ActivateWindow(Videos,"plugin://plugin.video.sendtokodiU2P/?action=MenuSerie&amp;network=1&amp;namenetwork=National+Geographic+Channel",return)</action>
		</shortcut>
	</shortcuts>
