<shortcuts>
	<shortcut>
		<defaultID />
		<label>[B]Recherche [I][COLOR tomato](Séries)[/COLOR][/B][/I]</label>
		<label2>Elément personnalisé</label2>
		<icon>DefaultShortcut.png</icon>
		<thumb>special://skin/extras/icons/search.png</thumb>
		<action>ActivateWindow(Videos,"plugin://plugin.video.sendtokodiU2P/?action=MenuSerie&amp;famille=Recherche&amp;offset=0&amp;limit=500")</action>
		</shortcut>
	<shortcut>
		<defaultID />
		<label>[B]Recherche[I][COLOR tomato] (Années)[/B][/COLOR][/I]</label>
		<label2>Elément personnalisé</label2>
		<icon>DefaultShortcut.png</icon>
		<thumb>special://skin/extras/icons/search.png</thumb>
		<action>ActivateWindow(Videos,"plugin://plugin.video.sendtokodiU2P/?action=MenuSerie&amp;famille=Ann%C3%A9e%28s%29&amp;offset=0&amp;limit=500")</action>
		</shortcut>
	<shortcut>
		<defaultID />
		<label>[COLOR tomato][B]Liste[/B][/COLOR]</label>
		<label2>Elément personnalisé</label2>
		<icon>DefaultShortcut.png</icon>
		<thumb>special://skin/extras/icons/</thumb>
		<action>ActivateWindow(Videos,"plugin://plugin.video.sendtokodiU2P/?action=MenuSerie",return)</action>
		</shortcut>
	<shortcut>
		<defaultID />
		<label>[B][COLOR tomato]Netflix[/B][/COLOR]</label>
		<label2>Extensions Vidéo</label2>
		<icon>DefaultShortcut.png</icon>
		<thumb>special://skin/extras/icons/</thumb>
		<action>ActivateWindow(Videos,"plugin://plugin.video.sendtokodiU2P/?action=MenuSerie&amp;network=1&amp;namenetwork=Netflix",return)</action>
		</shortcut>
	<shortcut>
		<defaultID />
		<label>[B][COLOR tomato]Amazon[/B][/COLOR]</label>
		<label2>Extensions Vidéo</label2>
		<icon>DefaultShortcut.png</icon>
		<thumb>special://skin/extras/icons/</thumb>
		<action>ActivateWindow(Videos,"plugin://plugin.video.sendtokodiU2P/?action=MenuSerie&amp;network=1&amp;namenetwork=Amazon",return)</action>
		</shortcut>
	<shortcut>
		<defaultID />
		<label>[B][COLOR tomato]Apple TV+[/B][/COLOR]</label>
		<label2>Extensions Vidéo</label2>
		<icon>DefaultShortcut.png</icon>
		<thumb>special://skin/extras/icons/</thumb>
		<action>ActivateWindow(Videos,"plugin://plugin.video.sendtokodiU2P/?action=MenuSerie&amp;network=1&amp;namenetwork=Apple+TV%2B",return)</action>
		</shortcut>
	<shortcut>
		<defaultID />
		<label>[B][COLOR tomato]Disney+[/B][/COLOR]</label>
		<label2>Extensions Vidéo</label2>
		<icon>DefaultShortcut.png</icon>
		<thumb>special://skin/extras/icons/</thumb>
		<action>ActivateWindow(Videos,"plugin://plugin.video.sendtokodiU2P/?action=MenuSerie&amp;network=1&amp;namenetwork=Disney%2B",return)</action>
		</shortcut>
	<shortcut>
		<defaultID />
		<label>[B][COLOR tomato]HBO[/B][/COLOR]</label>
		<label2>Extensions Vidéo</label2>
		<icon>DefaultShortcut.png</icon>
		<thumb>special://skin/extras/icons/</thumb>
		<action>ActivateWindow(Videos,"plugin://plugin.video.sendtokodiU2P/?action=MenuSerie&amp;network=1&amp;namenetwork=HBO",return)</action>
		</shortcut>
	<shortcut>
		<defaultID />
		<label>[B][COLOR tomato]Hulu[/B][/COLOR]</label>
		<label2>Extensions Vidéo</label2>
		<icon>DefaultShortcut.png</icon>
		<thumb>special://skin/extras/icons/</thumb>
		<action>ActivateWindow(Videos,"plugin://plugin.video.sendtokodiU2P/?action=MenuSerie&amp;network=1&amp;namenetwork=Hulu",return)</action>
		</shortcut>
	<shortcut>
		<defaultID />
		<label>[COLOR tomato][B]Diffuseurs[/B][/COLOR]</label>
		<label2>Elément personnalisé</label2>
		<icon>DefaultShortcut.png</icon>
		<thumb>special://skin/extras/icons/</thumb>
		<action>ActivateWindow(Videos,"plugin://plugin.video.sendtokodiU2P/?action=MenuSerie&amp;network=1",return)</action>
		</shortcut>
	<shortcut>
		<defaultID />
		<label>[B][COLOR tomato]Top séries selon [I]''Rolling Stones Magazine''[/I][/B][/COLOR]</label>
		<label2>Extensions Vidéo</label2>
		<icon>DefaultShortcut.png</icon>
		<thumb>special://skin/extras/icons/</thumb>
		<action>ActivateWindow(Videos,"plugin://plugin.video.sendtokodiU2P/?action=MenuSerie&amp;trakt=Top+s%C3%A9ries+selon+%27%27Rolling+Stones+Magazine%27%27",return)</action>
		</shortcut>
	<shortcut>
		<defaultID />
		<label>[B][COLOR tomato]Séries populaires[/B][/COLOR]</label>
		<label2>Extensions Vidéo</label2>
		<icon>DefaultShortcut.png</icon>
		<thumb>special://skin/extras/icons/</thumb>
		<action>ActivateWindow(Videos,"plugin://plugin.video.sendtokodiU2P/?action=MenuSerie&amp;trakt=S%C3%A9ries+populaires",return)</action>
		</shortcut>
	<shortcut>
		<defaultID />
		<label>[COLOR tomato][B]Genre[/B][/COLOR]</label>
		<label2>Elément personnalisé</label2>
		<icon>DefaultShortcut.png</icon>
		<thumb>special://skin/extras/icons/</thumb>
		<action>ActivateWindow(Videos,"plugin://plugin.video.sendtokodiU2P/?action=genres&amp;typM=tvshow",return)</action>
		</shortcut>
	<shortcut>
		<defaultID />
		<label>[COLOR tomato][B]Serie jeunesse et ados[/B][/COLOR]</label>
		<label2>Elément personnalisé</label2>
		<icon>DefaultShortcut.png</icon>
		<thumb>special://skin/extras/icons/</thumb>
		<action>ActivateWindow(Videos,"plugin://plugin.video.sendtokodiU2P/?action=MenuSerie&amp;groupe=-Series+Jeunes+Ados",return)</action>
		</shortcut>
	</shortcuts>
