<shortcuts>
	<shortcut>
		<defaultID />
		<label>Continuer...</label>
		<label2>Elément personnalisé</label2>
		<icon>DefaultShortcut.png</icon>
		<thumb>image://special%3a%2f%2fhome%2faddons%2fplugin.video.sendtokodiU2P%2fresources%2fpng%2fMon%20historique.png/</thumb>
		<action>ActivateWindow(Videos,"plugin://plugin.video.sendtokodiU2P/?action=suiteSerie",return)</action>
		</shortcut>
	<shortcut>
		<defaultID />
		<label>Mon historique</label>
		<label2>Extensions Vidéo</label2>
		<icon>DefaultShortcut.png</icon>
		<thumb>image://special%3a%2f%2fhome%2faddons%2fplugin.video.sendtokodiU2P%2fresources%2fpng%2fMon%20historique.png/</thumb>
		<action>ActivateWindow(Videos,"plugin://plugin.video.sendtokodiU2P/?action=MenuSerie&amp;famille=Mon+historique",return)</action>
		</shortcut>
	</shortcuts>
