<shortcuts>
	<shortcut>
		<defaultID />
		<label>Skin Kids</label>
		<label2>Elément personnalisé</label2>
		<icon>DefaultShortcut.png</icon>
		<thumb>special://skin/extras/icons/babyboy.png</thumb>
		<action>noop</action>
		</shortcut>
	<shortcut>
		<defaultID />
		<label>Mise a jour Vidéothèque</label>
		<label2>Elément personnalisé</label2>
		<icon>DefaultShortcut.png</icon>
		<thumb>special://skin/extras/icons/download.png</thumb>
		<action>PlayMedia("plugin://plugin.video.sendtokodiU2P/?action=majhkneww&amp;action=rlk")</action>
		</shortcut>
	<shortcut>
		<defaultID />
		<label>Choix Profil</label>
		<label2>Elément personnalisé</label2>
		<icon>DefaultShortcut.png</icon>
		<thumb>special://skin/extras/icons/artist.png</thumb>
		<action>RunPlugin(plugin://plugin.video.sendtokodiU2P/?action=actifPm)</action>
		</shortcut>
	<shortcut>
		<defaultID />
		<label>Changer compte Uptobox si HS</label>
		<label2>Programme</label2>
		<icon>DefaultShortcut.png</icon>
		<thumb>special://skin/extras/icons/award.png</thumb>
		<action>ActivateWindow(Programs,"plugin://plugin.program.skinrayflix/?action=menuKey",return)</action>
		</shortcut>
	<shortcut>
		<defaultID />
		<label>[COLOR red]NETTOYER KODI[/COLOR] Si manque de place</label>
		<label2>Programme</label2>
		<icon>DefaultShortcut.png</icon>
		<thumb>special://skin/extras/icons/addons.png</thumb>
		<action>ActivateWindow(Programs,"plugin://plugin.program.skinrayflix/?action=nettoye",return)</action>
		</shortcut>
	<shortcut>
		<defaultID />
		<label>Divers</label>
		<label2>Extensions Vidéo</label2>
		<icon>DefaultShortcut.png</icon>
		<thumb>special://skin/extras/icons/years.png</thumb>
		<action>ActivateWindow(Videos,"plugin://plugin.video.sendtokodiU2P/?action=folderPubDetails&amp;offset=0&amp;typM=divers",return)</action>
		</shortcut>
	<shortcut>
		<defaultID />
		<label>Sauvegarde Skin</label>
		<label2>Elément personnalisé</label2>
		<icon>DefaultShortcut.png</icon>
		<thumb>special://skin/extras/icons/atom.png</thumb>
		<action>RunScript(special://home/userdata/addon_data/Scripts/skin_save1.py)</action>
		</shortcut>
	<shortcut>
		<defaultID />
		<label>Skin Full</label>
		<label2>Elément personnalisé</label2>
		<icon>DefaultShortcut.png</icon>
		<thumb>special://skin/extras/icons/atom.png</thumb>
		<action>RunScript(special://home/userdata/addon_data/Scripts/skin-full.py)</action>
		</shortcut>
	<shortcut>
		<defaultID />
		<label>Skin Light</label>
		<label2>Elément personnalisé</label2>
		<icon>DefaultShortcut.png</icon>
		<thumb>special://skin/extras/icons/atom.png</thumb>
		<action>RunScript(special://home/userdata/addon_data/Scripts/skin-light.py)</action>
		</shortcut>
	<shortcut>
		<defaultID />
		<label>Skin Kids</label>
		<label2>Elément personnalisé</label2>
		<icon>DefaultShortcut.png</icon>
		<thumb>special://skin/extras/icons/atom.png</thumb>
		<action>RunScript(special://home/userdata/addon_data/Scripts/skin-kids.py)</action>
		</shortcut>
	<shortcut>
		<defaultID>plugin.video.vstream</defaultID>
		<label>vStream</label>
		<label2>Extensions Vidéo</label2>
		<icon>DefaultShortcut.png</icon>
		<thumb>special://skin/extras/icons/bookmark-star.png</thumb>
		<action>ActivateWindow(Videos,"plugin://plugin.video.vstream",return)</action>
		</shortcut>
	</shortcuts>
