<shortcuts>
	<shortcut>
		<defaultID />
		<label>Films a voir</label>
		<label2>Extensions Vidéo</label2>
		<icon>DefaultShortcut.png</icon>
		<thumb>special://skin/extras/icons/movie.png</thumb>
		<action>ActivateWindow(Videos,"plugin://plugin.video.vstream/?site=cFav&amp;function=getFav&amp;title=Films+&amp;sCat=1&amp;sFav=getFav",return)</action>
		</shortcut>
	<shortcut>
		<defaultID />
		<label>Films [COLOR lightcoral](Genres)[/COLOR]</label>
		<label2>Extensions Vidéo</label2>
		<icon>DefaultShortcut.png</icon>
		<thumb>special://skin/extras/icons/genre.png</thumb>
		<action>ActivateWindow(Videos,"plugin://plugin.video.vstream/?site=themoviedb_org&amp;function=showGenreMovie&amp;title=Films+&amp;siteUrl=genre%2Fmovie%2Flist&amp;sFav=showGenreMovie",return)</action>
		</shortcut>
	<shortcut>
		<defaultID />
		<label>Top [COLOR lightcoral](Par Années)[/COLOR]</label>
		<label2>Extensions Vidéo</label2>
		<icon>DefaultShortcut.png</icon>
		<thumb>special://skin/extras/icons/calendar2.png</thumb>
		<action>ActivateWindow(Videos,"plugin://plugin.video.vstream/?site=topimdb&amp;function=showMovieYears&amp;title=Top+&amp;siteUrl=True&amp;sFav=showMovieYears",return)</action>
		</shortcut>
	<shortcut>
		<defaultID />
		<label>[COLOR violet]PasteBin[/COLOR]</label>
		<label2>Extensions Vidéo</label2>
		<icon>DefaultShortcut.png</icon>
		<thumb>special://skin/extras/icons/award.png</thumb>
		<action>ActivateWindow(Videos,"plugin://plugin.video.vstream/?site=pastebin&amp;function=showMenuFilms&amp;title=PasteBin&amp;siteUrl=https%3A%2F%2Fpastebin.com%2Fraw%2F%26sMedia%3Dfilm&amp;sFav=showMenuFilms",return)</action>
		</shortcut>
	<shortcut>
		<defaultID />
		<label>Familial (Films récents)</label>
		<label2>Extensions Vidéo</label2>
		<icon>DefaultShortcut.png</icon>
		<thumb>special://skin/extras/icons/</thumb>
		<action>ActivateWindow(Videos,"plugin://plugin.video.themoviedb.helper/?list_name=Familial+%28Films+re%CC%81cents%29&amp;list_slug=familial-films-recents&amp;user_slug=jukebox8786&amp;plugin_category=Familial+%28Films+re%CC%81cents%29&amp;tmdb_id=None&amp;info=trakt_userlist&amp;sort_by=rank&amp;sort_how=asc&amp;widget=true&amp;reload=$INFO[Window(Home).Property(TMDbHelper.Widgets.Reload)]",return)</action>
		</shortcut>
	<shortcut>
		<defaultID />
		<label>Action &amp; Aventure (Films récents)</label>
		<label2>Extensions Vidéo</label2>
		<icon>DefaultShortcut.png</icon>
		<thumb>thumb</thumb>
		<action>ActivateWindow(Videos,"plugin://plugin.video.themoviedb.helper/?list_name=Action+%26+Aventure+%28Films+re%CC%81cents%29&amp;list_slug=action-aventure-films-recents&amp;user_slug=jukebox8786&amp;plugin_category=Action+%26+Aventure+%28Films+re%CC%81cents%29&amp;tmdb_id=None&amp;info=trakt_userlist&amp;sort_by=rank&amp;sort_how=asc&amp;widget=true&amp;reload=$INFO[Window(Home).Property(TMDbHelper.Widgets.Reload)]",return)</action>
		</shortcut>
	<shortcut>
		<defaultID />
		<label>Fantastique &amp; Science-Fiction (Films récents)</label>
		<label2>Extensions Vidéo</label2>
		<icon>DefaultShortcut.png</icon>
		<thumb>thumb</thumb>
		<action>ActivateWindow(Videos,"plugin://plugin.video.themoviedb.helper/?list_name=Fantastique+%26+Science-Fiction+%28Films+re%CC%81cents%29&amp;list_slug=fantastique-science-fiction-films-recents&amp;user_slug=jukebox8786&amp;plugin_category=Fantastique+%26+Science-Fiction+%28Films+re%CC%81cents%29&amp;tmdb_id=None&amp;info=trakt_userlist&amp;sort_by=rank&amp;sort_how=asc&amp;widget=true&amp;reload=$INFO[Window(Home).Property(TMDbHelper.Widgets.Reload)]",return)</action>
		</shortcut>
	<shortcut>
		<defaultID />
		<label>Les tueurs en séries</label>
		<label2>Extensions Vidéo</label2>
		<icon>DefaultShortcut.png</icon>
		<thumb>special://skin/extras/icons/artist.png</thumb>
		<action>ActivateWindow(Videos,"plugin://plugin.video.themoviedb.helper/?list_name=Les+tueurs+en+se%CC%81ries&amp;list_slug=les-tueurs-en-series&amp;user_slug=alkodique&amp;plugin_category=Les+tueurs+en+se%CC%81ries&amp;tmdb_id=None&amp;info=trakt_userlist&amp;sort_by=rank&amp;sort_how=asc&amp;widget=true&amp;reload=$INFO[Window(Home).Property(TMDbHelper.Widgets.Reload)]",return)</action>
		</shortcut>
	</shortcuts>
