<shortcuts>
	<shortcut>
		<defaultID />
		<label>Katia</label>
		<label2>Extensions Vidéo</label2>
		<icon>DefaultShortcut.png</icon>
		<thumb>image://special%3a%2f%2fhome%2faddons%2fplugin.video.sendtokodiU2P%2fresources%2fpng%2fpastebin.png/</thumb>
		<action>ActivateWindow(Videos,"plugin://plugin.video.sendtokodiU2P/?action=actifP&amp;passwd=neferTITI%40240859",return)</action>
		</shortcut>
	<shortcut>
		<defaultID />
		<label>Luc562</label>
		<label2>Extensions Vidéo</label2>
		<icon>DefaultShortcut.png</icon>
		<thumb>image://special%3a%2f%2fhome%2faddons%2fplugin.video.sendtokodiU2P%2fresources%2fpng%2fpastebin.png/</thumb>
		<action>ActivateWindow(Videos,"plugin://plugin.video.sendtokodiU2P/?action=actifP&amp;passwd=starGATE05051956",return)</action>
		</shortcut>
	</shortcuts>
