<shortcuts>
	<shortcut>
		<defaultID />
		<label>Skin Full</label>
		<label2>Elément personnalisé</label2>
		<icon>DefaultShortcut.png</icon>
		<thumb>special://skin/extras/icons/atom.png</thumb>
		<action>RunScript(special://home/userdata/addon_data/Scripts/skin-full.py)</action>
		</shortcut>
	<shortcut>
		<defaultID />
		<label>Skin Light</label>
		<label2>Elément personnalisé</label2>
		<icon>DefaultShortcut.png</icon>
		<thumb>special://skin/extras/icons/atom.png</thumb>
		<action>RunScript(special://home/userdata/addon_data/Scripts/skin-light.py)</action>
		</shortcut>
	<shortcut>
		<defaultID />
		<label>Skin Kids</label>
		<label2>Elément personnalisé</label2>
		<icon>DefaultShortcut.png</icon>
		<thumb>special://skin/extras/icons/babygirl.png</thumb>
		<action>RunScript(special://home/userdata/addon_data/Scripts/skin-kids.py)</action>
		</shortcut>
	<shortcut>
		<defaultID />
		<label>Skin Films</label>
		<label2>Elément personnalisé</label2>
		<icon>DefaultShortcut.png</icon>
		<thumb>special://skin/extras/icons/director.png</thumb>
		<action>RunScript(special://home/userdata/addon_data/Scripts/skin-films.py)</action>
		</shortcut>
	<shortcut>
		<defaultID />
		<label>Skin Séries</label>
		<label2>Elément personnalisé</label2>
		<icon>DefaultShortcut.png</icon>
		<thumb>special://skin/extras/icons/amazon.png</thumb>
		<action>RunScript(special://home/userdata/addon_data/Scripts/skin-series.py)</action>
		</shortcut>
	<shortcut>
		<defaultID />
		<label>Skin Perso</label>
		<label2>Elément personnalisé</label2>
		<icon>DefaultShortcut.png</icon>
		<thumb>special://skin/extras/icons/artist.png</thumb>
		<action>RunScript(special://home/userdata/addon_data/Scripts/perso.py)</action>
		</shortcut>
	</shortcuts>
