<shortcuts>
	<shortcut>
		<defaultID />
		<label>Films ou dessins animes pour enfants</label>
		<label2>Extensions Vidéo</label2>
		<icon>DefaultShortcut.png</icon>
		<thumb>special://skin/extras/icons/babyboy.png</thumb>
		<action>ActivateWindow(Videos,"plugin://plugin.video.hk1/?action=MenuFilm&amp;groupe=Films+ou+dessins+animes+pour+enfants",return)</action>
		</shortcut>
	<shortcut>
		<defaultID />
		<label>Listes pour les enfants (Films)</label>
		<label2>Extensions Vidéo</label2>
		<icon>DefaultShortcut.png</icon>
		<thumb>special://skin/extras/icons/years.png</thumb>
		<action>ActivateWindow(Videos,"plugin://plugin.video.hk1/?action=MenuFilm&amp;trakt=Listes+pour+les+enfants",return)</action>
		</shortcut>
	<shortcut>
		<defaultID />
		<label>Séries dessins animés pour les petits</label>
		<label2>Extensions Vidéo</label2>
		<icon>DefaultShortcut.png</icon>
		<thumb>special://skin/extras/icons/years.png</thumb>
		<action>ActivateWindow(Videos,"plugin://plugin.video.hk1/?action=MenuSerie&amp;groupe=S%C3%A9ries+dessins+anim%C3%A9s+pour+les+petits",return)</action>
		</shortcut>
	<shortcut>
		<defaultID />
		<label>Dessins animés pour les grands</label>
		<label2>Extensions Vidéo</label2>
		<icon>DefaultShortcut.png</icon>
		<thumb>special://skin/extras/icons/years.png</thumb>
		<action>ActivateWindow(Videos,"plugin://plugin.video.hk1/?action=MenuSerie&amp;groupe=Dessins+anim%C3%A9s+pour+les+grands",return)</action>
		</shortcut>
	<shortcut>
		<defaultID />
		<label>Manga</label>
		<label2>Extensions Vidéo</label2>
		<icon>DefaultShortcut.png</icon>
		<thumb>special://skin/extras/icons/mangas.png</thumb>
		<action>ActivateWindow(Videos,"plugin://plugin.video.sendtokodiU2P/?action=mediasHKSeries&amp;famille=groupes&amp;offset=0&amp;nom=manga",return)</action>
		</shortcut>
	</shortcuts>
