<shortcuts>
	<shortcut>
		<defaultID />
		<label>Films [COLOR lightcoral](Genres)[/COLOR]</label>
		<label2>Extensions Vidéo</label2>
		<icon>DefaultShortcut.png</icon>
		<thumb>special://skin/extras/icons/genre.png</thumb>
		<action>ActivateWindow(Videos,"plugin://plugin.video.vstream/?site=pastebin&amp;function=showGenres&amp;title=Films+&amp;siteUrl=https%3A%2F%2Fpastebin.com%2Fraw%2F%26numPage%3D1%26sMedia%3Dfilm%26pasteID%3D1&amp;sFav=showGenres",return)</action>
		</shortcut>
	<shortcut>
		<defaultID />
		<label>Kepliz</label>
		<label2>Extensions Vidéo</label2>
		<icon>DefaultShortcut.png</icon>
		<thumb>special://skin/extras/icons/award.png</thumb>
		<action>ActivateWindow(Videos,"plugin://plugin.video.vstream/?site=kepliz_com&amp;function=load&amp;title=Kepliz&amp;siteUrl=http%3A%2F%2Fvenom&amp;sFav=load",return)</action>
		</shortcut>
	<shortcut>
		<defaultID />
		<label>Darkibox</label>
		<label2>Extensions Vidéo</label2>
		<icon>DefaultShortcut.png</icon>
		<thumb>special://skin/extras/icons/award.png</thumb>
		<action>ActivateWindow(Videos,"plugin://plugin.video.vstream/?site=pastebin&amp;function=showMenu&amp;title=Darkibox&amp;pasteID=9",return)</action>
		</shortcut>
	<shortcut>
		<defaultID />
		<label>Films 1 fichier</label>
		<label2>Extensions Vidéo</label2>
		<icon>DefaultShortcut.png</icon>
		<thumb>special://skin/extras/icons/award.png</thumb>
		<action>ActivateWindow(Videos,"plugin://plugin.video.vstream/?site=pastebin&amp;function=showMenu&amp;title=Films+1+fichier&amp;pasteID=14",return)</action>
		</shortcut>
	</shortcuts>
