<shortcuts>
	<shortcut>
		<defaultID />
		<label>[B][COLOR mediumpurple]Pastebin[/COLOR][COLOR orange][I] (vStream)[/I][/B][/COLOR]</label>
		<label2>Extensions Vidéo</label2>
		<icon>DefaultShortcut.png</icon>
		<thumb>image://special%3a%2f%2fhome%2faddons%2fplugin.video.vstream%2fresources%2fart%2fnotes.png/</thumb>
		<action>ActivateWindow(Videos,"plugin://plugin.video.vstream/?site=pastebin&amp;function=showMenuFolder&amp;title=G%C3%A9rer+les+codes&amp;sFav=showMenuFolder",return)</action>
		</shortcut>
	<shortcut>
		<defaultID />
		<label>[COLOR magenta][B]U2Pplay[/COLOR][/B]</label>
		<label2>Extensions Vidéo</label2>
		<icon>DefaultShortcut.png</icon>
		<thumb>image://special%3a%2f%2fhome%2faddons%2fplugin.video.sendtokodiU2P%2fresources%2fpng%2fpastebin.png/</thumb>
		<action>ActivateWindow(Videos,"plugin://plugin.video.sendtokodiU2P/?action=movies",return)</action>
		</shortcut>
	<shortcut>
		<defaultID />
		<label>[B]On continue....[I][COLOR blueviolet](Série/Anime)[/I][/B][/COLOR]</label>
		<label2>Extensions Vidéo</label2>
		<icon>DefaultShortcut.png</icon>
		<thumb>image://special%3a%2f%2fhome%2faddons%2fplugin.video.sendtokodiU2P%2fresources%2fpng%2fliste.png/</thumb>
		<action>ActivateWindow(Videos,"plugin://plugin.video.sendtokodiU2P/?action=suiteSerie",return)</action>
		</shortcut>
	<shortcut>
		<defaultID />
		<label>[B]Mes favoris [I][COLOR lightskyblue] (Film)[/COLOR][/I][/B]</label>
		<label2>Extensions Vidéo</label2>
		<icon>DefaultShortcut.png</icon>
		<thumb>image://special%3a%2f%2fhome%2faddons%2fplugin.video.sendtokodiU2P%2fresources%2fpng%2fliste.png/</thumb>
		<action>ActivateWindow(Videos,"plugin://plugin.video.sendtokodiU2P/?action=MenuFilm&amp;famille=Mes+favoris+HK",return)</action>
		</shortcut>
	<shortcut>
		<defaultID />
		<label>[B]Mes favoris[COLOR blueviolet] [I](Anime/Série)[/I][/COLOR][/B]</label>
		<label2>Extensions Vidéo</label2>
		<icon>DefaultShortcut.png</icon>
		<thumb>image://special%3a%2f%2fhome%2faddons%2fplugin.video.sendtokodiU2P%2fresources%2fpng%2fliste.png/</thumb>
		<action>ActivateWindow(Videos,"plugin://plugin.video.sendtokodiU2P/?action=MenuSerie&amp;famille=Mes+favoris+HK",return)</action>
		</shortcut>
	<shortcut>
		<defaultID />
		<label>[B]Mon historique [COLOR lightskyblue][I] (Film)[/COLOR][/I][/B]</label>
		<label2>Extensions Vidéo</label2>
		<icon>DefaultShortcut.png</icon>
		<thumb>image://special%3a%2f%2fhome%2faddons%2fplugin.video.sendtokodiU2P%2fresources%2fpng%2fMon%20historique.png/</thumb>
		<action>ActivateWindow(Videos,"plugin://plugin.video.sendtokodiU2P/?action=MenuFilm&amp;famille=Mon+historique",return)</action>
		</shortcut>
	<shortcut>
		<defaultID />
		<label>[B]historique [COLOR blueviolet][I](Série/Anime)[/COLOR][/I][/B]</label>
		<label2>Extensions Vidéo</label2>
		<icon>DefaultShortcut.png</icon>
		<thumb>image://special%3a%2f%2fhome%2faddons%2fplugin.video.sendtokodiU2P%2fresources%2fpng%2fMon%20historique.png/</thumb>
		<action>ActivateWindow(Videos,"plugin://plugin.video.sendtokodiU2P/?action=MenuSerie&amp;famille=Mon+historique",return)</action>
		</shortcut>
	<shortcut>
		<defaultID />
		<label>[B][COLOR indianred]Trakt Watchlist[/COLOR] [I][COLOR lightskyblue](Film)[/B][/I][/COLOR]</label>
		<label2>Extensions Vidéo</label2>
		<icon>DefaultShortcut.png</icon>
		<thumb>image://special%3a%2f%2fhome%2faddons%2fplugin.video.sendtokodiU2P%2fresources%2fpng%2fliste.png/</thumb>
		<action>ActivateWindow(Videos,"plugin://plugin.video.sendtokodiU2P/?action=MenuTrakt&amp;cat=wmovie",return)</action>
		</shortcut>
	<shortcut>
		<defaultID />
		<label>[B][COLOR indianred]Watchlist [I][COLOR blueviolet](Série/Anime)[/I][/B][/COLOR]</label>
		<label2>Extensions Vidéo</label2>
		<icon>DefaultShortcut.png</icon>
		<thumb>image://special%3a%2f%2fhome%2faddons%2fplugin.video.sendtokodiU2P%2fresources%2fpng%2fliste.png/</thumb>
		<action>ActivateWindow(Videos,"plugin://plugin.video.sendtokodiU2P/?action=MenuTrakt&amp;cat=wshow",return)</action>
		</shortcut>
	<shortcut>
		<defaultID />
		<label>[B][COLOR indianred]Mon Trakt[/B][/COLOR]</label>
		<label2>Extensions Vidéo</label2>
		<icon>DefaultShortcut.png</icon>
		<thumb>image://special%3a%2f%2fhome%2faddons%2fplugin.video.sendtokodiU2P%2fresources%2fpng%2ftrakt.png/</thumb>
		<action>ActivateWindow(Videos,"plugin://plugin.video.sendtokodiU2P/?action=affTraktPerso",return)</action>
		</shortcut>
	<shortcut>
		<defaultID>plugin.video.vstream</defaultID>
		<label>[B][COLOR orange]vStream[/B][/COLOR]</label>
		<label2>Extensions Vidéo</label2>
		<icon>DefaultShortcut.png</icon>
		<thumb>thumb</thumb>
		<action>ActivateWindow(Videos,"plugin://plugin.video.vstream",return)</action>
		</shortcut>
	<shortcut>
		<defaultID>plugin.video.sendtokodiU2P</defaultID>
		<label>[B][COLOR magenta]Menu U2Pplay[/B][/COLOR]</label>
		<label2>Extensions Vidéo</label2>
		<icon>DefaultShortcut.png</icon>
		<thumb>thumb</thumb>
		<action>ActivateWindow(Videos,"plugin://plugin.video.sendtokodiU2P",return)</action>
		</shortcut>
	</shortcuts>
