<shortcuts>
	<shortcut>
		<defaultID />
		<label>Sauvegarde Skin</label>
		<label2>Elément personnalisé</label2>
		<icon>DefaultShortcut.png</icon>
		<thumb>special://skin/extras/icons/download.png</thumb>
		<action>RunScript(special://home/userdata/addon_data/Scripts/skin_save1.py)</action>
		</shortcut>
	<shortcut>
		<defaultID />
		<label>Restauration Skin</label>
		<label2>Elément personnalisé</label2>
		<icon>DefaultShortcut.png</icon>
		<thumb>special://skin/extras/icons/download_repo.png</thumb>
		<action>RunScript(special://home/userdata/addon_data/Scripts/skin_restor1.py)</action>
		</shortcut>
	<shortcut>
		<defaultID />
		<label>Mettre a jour SEULEMENT REPO POPO et MISE A JOUR</label>
		<label2>Elément personnalisé</label2>
		<icon>DefaultShortcut.png</icon>
		<thumb>special://skin/extras/icons/configure.png</thumb>
		<action>installfromzip</action>
		</shortcut>
	</shortcuts>
