<shortcuts>
	<shortcut>
		<defaultID />
		<label>Mes visionnages en cours</label>
		<label2>Extensions Vidéo</label2>
		<icon>DefaultShortcut.png</icon>
		<thumb>special://skin/extras/icons/emby.png</thumb>
		<action>ActivateWindow(Videos,"plugin://plugin.video.vstream/?site=cViewing&amp;function=getViewing&amp;title=Toutes+les+cat%C3%A9gories&amp;sFav=getViewing",return)</action>
		</shortcut>
	<shortcut>
		<defaultID />
		<label>En direct</label>
		<label2>Extensions Vidéo</label2>
		<icon>DefaultShortcut.png</icon>
		<thumb>special://skin/extras/icons/lazytv.png</thumb>
		<action>ActivateWindow(Videos,"plugin://plugin.video.vstream/?site=cHome&amp;function=showDirect&amp;title=En+direct&amp;siteUrl=http%3A%2F%2Fvenom&amp;sFav=showDirect",return)</action>
		</shortcut>
	<shortcut>
		<defaultID />
		<label>[COLOR violet]PasteBin[/COLOR]</label>
		<label2>Extensions Vidéo</label2>
		<icon>DefaultShortcut.png</icon>
		<thumb>special://skin/extras/icons/award.png</thumb>
		<action>ActivateWindow(Videos,"plugin://plugin.video.vstream/?site=pastebin&amp;function=load&amp;title=PasteBin&amp;siteUrl=http%3A%2F%2Fvenom&amp;sFav=load",return)</action>
		</shortcut>
	<shortcut>
		<defaultID />
		<label>Mes sources actives</label>
		<label2>Extensions Vidéo</label2>
		<icon>DefaultShortcut.png</icon>
		<thumb>special://skin/extras/icons/bookmarks.png</thumb>
		<action>ActivateWindow(Videos,"plugin://plugin.video.vstream/?site=globalSources&amp;function=activeSources&amp;title=Mes+sources+actives&amp;siteUrl=http%3A%2F%2Fvenom&amp;sFav=activeSources",return)</action>
		</shortcut>
	</shortcuts>
