<shortcuts>
	<shortcut>
		<defaultID />
		<label>Changer Compte Uptobox Si HS</label>
		<label2>Elément personnalisé</label2>
		<icon>DefaultShortcut.png</icon>
		<thumb>special://skin/extras/icons/configure.png</thumb>
		<action>ActivateWindow(10001,"plugin://plugin.program.skinrayflix/?action=menuKey",return)</action>
		</shortcut>
	<shortcut>
		<defaultID />
		<label>Nettoyer Kodi (si manque de place)</label>
		<label2>Elément personnalisé</label2>
		<icon>DefaultShortcut.png</icon>
		<thumb>special://skin/extras/icons/download.png</thumb>
		<action>ActivateWindow(10001,"plugin://plugin.program.skinrayflix/?action=nettoye",return)</action>
		</shortcut>
	</shortcuts>
