<shortcuts>
	<shortcut>
		<defaultID />
		<label>Films - 2024</label>
		<label2>Extensions Vidéo</label2>
		<icon>DefaultShortcut.png</icon>
		<thumb>image://special%3a%2f%2fhome%2faddons%2fplugin.video.sendtokodiU2P%2fresources%2fpng%2fgroupe.png/</thumb>
		<action>ActivateWindow(Videos,"plugin://plugin.video.sendtokodiU2P/?action=mediasHKFilms&amp;widget=Films+-+2024",return)</action>
		</shortcut>
	<shortcut>
		<defaultID />
		<label>Films - 2023</label>
		<label2>Extensions Vidéo</label2>
		<icon>DefaultShortcut.png</icon>
		<thumb>image://special%3a%2f%2fhome%2faddons%2fplugin.video.sendtokodiU2P%2fresources%2fpng%2fgroupe.png/</thumb>
		<action>ActivateWindow(Videos,"plugin://plugin.video.sendtokodiU2P/?action=mediasHKFilms&amp;widget=Films+-+2023",return)</action>
		</shortcut>
	<shortcut>
		<defaultID />
		<label>Films - 2022</label>
		<label2>Extensions Vidéo</label2>
		<icon>DefaultShortcut.png</icon>
		<thumb>image://special%3a%2f%2fhome%2faddons%2fplugin.video.sendtokodiU2P%2fresources%2fpng%2fgroupe.png/</thumb>
		<action>ActivateWindow(Videos,"plugin://plugin.video.sendtokodiU2P/?action=mediasHKFilms&amp;widget=Films+-+2022",return)</action>
		</shortcut>
	<shortcut>
		<defaultID />
		<label>Films - 2021</label>
		<label2>Extensions Vidéo</label2>
		<icon>DefaultShortcut.png</icon>
		<thumb>image://special%3a%2f%2fhome%2faddons%2fplugin.video.sendtokodiU2P%2fresources%2fpng%2fgroupe.png/</thumb>
		<action>ActivateWindow(Videos,"plugin://plugin.video.sendtokodiU2P/?action=mediasHKFilms&amp;widget=Films+-+2021",return)</action>
		</shortcut>
	<shortcut>
		<defaultID />
		<label>Films - Derniers ajouts</label>
		<label2>Extensions Vidéo</label2>
		<icon>DefaultShortcut.png</icon>
		<thumb>image://special%3a%2f%2fhome%2faddons%2fplugin.video.sendtokodiU2P%2fresources%2fpng%2ffilm.png/</thumb>
		<action>ActivateWindow(Videos,"plugin://plugin.video.sendtokodiU2P/?action=mediasHKFilms&amp;famille=specialWid&amp;nomListe=Nouveaut%C3%A9s&amp;typM=movie",return)</action>
		</shortcut>
	</shortcuts>
