<shortcuts>
	<shortcut>
		<defaultID>20077</defaultID>
		<label>20077</label>
		<label2>Paramètres</label2>
		<icon>special://skin/extras/icons/year.png</icon>
		<thumb />
		<action>ActivateWindow(SkinSettings)</action>
		</shortcut>
	<shortcut>
		<defaultID>settings</defaultID>
		<label>10004</label>
		<label2>Paramètres</label2>
		<icon>DefaultShortcut.png</icon>
		<thumb />
		<action>ActivateWindow(Settings)</action>
		</shortcut>
	<shortcut>
		<defaultID />
		<label>U2Pplay Settings</label>
		<label2>Extensions Vidéo</label2>
		<icon>DefaultShortcut.png</icon>
		<thumb>image://special%3a%2f%2fhome%2faddons%2fplugin.video.sendtokodiU2P%2fresources%2fpng%2fsetting.png/</thumb>
		<action>ActivateWindow(Videos,"plugin://plugin.video.sendtokodiU2P/?action=setting",return)</action>
		</shortcut>
	<shortcut>
		<defaultID>24001</defaultID>
		<label>24001</label>
		<label2>Paramètres</label2>
		<icon>special://skin/extras/icons/addons.png</icon>
		<thumb />
		<action>ActivateWindow(AddonBrowser)</action>
		</shortcut>
	<shortcut>
		<defaultID>10007</defaultID>
		<label>10007</label>
		<label2>Elément de menu commun</label2>
		<icon>special://skin/extras/icons/sysinfo.png</icon>
		<thumb />
		<action>ActivateWindow(SystemInfo)</action>
		</shortcut>
	</shortcuts>
